Workbook

Sheet Definitions
A1: Surrounds | B1: Enclosed | C1: Transitive | D1: a and b have no interior points in common, and with holes filled b lies in the interior of a. | F1: region a region b intersection of a & b
A2: Shelters | B2: Sheltered | C2: Transitive | D2: a and b have no points in common, but the Convex Hull of a contains b. | F2: A relation is transitive if whenever ,aRb and bRc then aRc. For example, if a Contains b and b Contains c relation, then a Contains c.
A3: Disjoint | B3: Disjoint | C3: Symmetric | D3: a and b have no points in common. | F3: A relation is symmetric if aRb implies bRa for all a and b. For example, if a Equals b then b Equals a.
A4: Borders | B4: Borders | C4: Symmetric | D4: The exterior boundaries of a and b have more than one point in common, but their interiors do not intersect.
A5: Confines | B5: Confined | D5: The interior boundary of one shape a and the exterior boundary of another shape b have more than one point in common, but their interiors do not intersect.
A6: Overlaps | B6: Overlaps | C6: Symmetric | D6: a overlaps b: both have some but not all points in common.
A7: Partitioned | B7: Partitions | D7: All points of a lie in the interior of b, no points of a lie in the exterior of b, some points in b are exterior to a, and the boundaries of a and b have more than one point in common. | F7: .
A8: Overlaps | B8: Overlaps | C8: Symmetric | D8: a overlaps b: both have some but not all points in common.
A9: Contains | B9: Within | C9: Transitive | D9: All points of a lie in the interior of b, no points of a lie in the exterior of b, some points in b are exterior to a, and the boundaries of a and b do not intersect.
A10: Equals | B10: Equals | C10: Symmetric, Transitive | D10: The interiors of a and b intersect and no part of the interior of one geometry intersects the exterior of the other.

Sheet Descision Tree
B2: Not Up To Date

Sheet Descision Matrix
A2: Do the boundaries of A and B overlap? | B2: Yes | E2: B | K2: B | Q2: B | T2: Do the interiors of A and B overlap? | U2: Yes | X2: B | AD2: B | AJ2: B | AM2: Does the interior of A include the exterior of B? | AN2: Yes | AQ2: B | AW2: B | BC2: B | BF2: Does the interior of B include the exterior of A? | BG2: Yes | BJ2: B | BP2: B | BV2: B | BY2: A Overlaps B
E3: I | F3: B | G3: E | K3: I | L3: B | M3: E | Q3: I | R3: B | S3: E | X3: I | Y3: B | Z3: E | AD3: I | AE3: B | AF3: E | AJ3: I | AK3: B | AL3: E | AQ3: I | AR3: B | AS3: E | AW3: I | AX3: B | AY3: E | BC3: I | BD3: B | BE3: E | BJ3: I | BK3: B | BL3: E | BP3: I | BQ3: B | BR3: E | BV3: I | BW3: B | BX3: E
C4: A | D4: I | E4: * | F4: * | G4: * | I4: A | J4: I | K4: * | L4: * | M4: * | O4: A | P4: I | Q4: * | R4: * | S4: * | V4: A | W4: I | X4: T | Y4: * | Z4: * | AB4: A | AC4: I | AD4: * | AE4: * | AF4: * | AH4: A | AI4: I | AJ4: * | AK4: * | AL4: * | AO4: A | AP4: I | AQ4: T | AR4: * | AS4: T | AU4: A | AV4: I | AW4: * | AX4: * | AY4: * | BA4: A | BB4: I | BC4: * | BD4: * | BE4: * | BH4: A | BI4: I | BJ4: T | BK4: * | BL4: T | BN4: A | BO4: I | BP4: * | BQ4: * | BR4: * | BT4: A | BU4: I | BV4: * | BW4: * | BX4: *
D5: B | E5: * | F5: T | G5: * | J5: B | K5: * | L5: * | M5: * | P5: B | Q5: * | R5: * | S5: * | W5: B | X5: * | Y5: T | Z5: * | AC5: B | AD5: * | AE5: * | AF5: * | AI5: B | AJ5: * | AK5: * | AL5: * | AP5: B | AQ5: * | AR5: T | AS5: * | AV5: B | AW5: * | AX5: * | AY5: * | BB5: B | BC5: * | BD5: * | BE5: * | BI5: B | BJ5: * | BK5: * | BL5: * | BO5: B | BP5: * | BQ5: * | BR5: * | BU5: B | BV5: * | BW5: * | BX5: *
D6: E | E6: * | F6: * | G6: * | J6: E | K6: * | L6: * | M6: * | P6: E | Q6: * | R6: * | S6: * | W6: E | X6: * | Y6: * | Z6: * | AC6: E | AD6: * | AE6: * | AF6: * | AI6: E | AJ6: * | AK6: * | AL6: * | AP6: E | AQ6: * | AR6: * | AS6: * | AV6: E | AW6: * | AX6: * | AY6: * | BB6: E | BC6: * | BD6: * | BE6: * | BI6: E | BJ6: T | BK6: * | BL6: * | BO6: E | BP6: * | BQ6: * | BR6: * | BU6: E | BV6: * | BW6: * | BX6: *
BG8: No | BJ8: B | BP8: B | BV8: B | BY8: A is Partitioned by B
BJ9: I | BK9: B | BL9: E | BP9: I | BQ9: B | BR9: E | BV9: I | BW9: B | BX9: E
BH10: A | BI10: I | BJ10: T | BK10: * | BL10: T | BN10: A | BO10: I | BP10: * | BQ10: * | BR10: * | BT10: A | BU10: I | BV10: * | BW10: * | BX10: *
BI11: B | BJ11: * | BK11: T | BL11: * | BO11: B | BP11: * | BQ11: * | BR11: * | BU11: B | BV11: * | BW11: * | BX11: *
BI12: E | BJ12: F | BK12: * | BL12: * | BO12: E | BP12: * | BQ12: * | BR12: * | BU12: E | BV12: * | BW12: * | BX12: *
AN14: No | AQ14: B | AW14: B | BC14: B | BF14: Does the interior of B include the exterior of A? | BG14: Yes | BJ14: B | BP14: B | BV14: B | BY14: A Partitions B
AQ15: I | AR15: B | AS15: E | AW15: I | AX15: B | AY15: E | BC15: I | BD15: B | BE15: E | BJ15: I | BK15: B | BL15: E | BP15: I | BQ15: B | BR15: E | BV15: I | BW15: B | BX15: E
AO16: A | AP16: I | AQ16: T | AR16: * | AS16: F | AU16: A | AV16: I | AW16: * | AX16: * | AY16: * | BA16: A | BB16: I | BC16: * | BD16: * | BE16: * | BH16: A | BI16: I | BJ16: T | BK16: * | BL16: F | BN16: A | BO16: I | BP16: * | BQ16: * | BR16: * | BT16: A | BU16: I | BV16: * | BW16: * | BX16: *
AP17: B | AQ17: * | AR17: T | AS17: * | AV17: B | AW17: * | AX17: * | AY17: * | BB17: B | BC17: * | BD17: * | BE17: * | BI17: B | BJ17: * | BK17: T | BL17: * | BO17: B | BP17: * | BQ17: * | BR17: * | BU17: B | BV17: * | BW17: * | BX17: *
AP18: E | AQ18: * | AR18: * | AS18: * | AV18: E | AW18: * | AX18: * | AY18: * | BB18: E | BC18: * | BD18: * | BE18: * | BI18: E | BJ18: T | BK18: * | BL18: * | BO18: E | BP18: * | BQ18: * | BR18: * | BU18: E | BV18: * | BW18: * | BX18: *
BG20: No | BJ20: B | BP20: B | BV20: B | BY20: A Equals B
BJ21: I | BK21: B | BL21: E | BP21: I | BQ21: B | BR21: E | BV21: I | BW21: B | BX21: E
BH22: A | BI22: I | BJ22: T | BK22: * | BL22: F | BN22: A | BO22: I | BP22: * | BQ22: * | BR22: * | BT22: A | BU22: I | BV22: * | BW22: * | BX22: *
BI23: B | BJ23: * | BK23: T | BL23: * | BO23: B | BP23: * | BQ23: * | BR23: * | BU23: B | BV23: * | BW23: * | BX23: *
BI24: E | BJ24: F | BK24: * | BL24: * | BO24: E | BP24: * | BQ24: * | BR24: * | BU24: E | BV24: * | BW24: * | BX24: *
U26: No | X26: B | AD26: B | AJ26: B | AM26: Do the external bounds of A contain the external bounds of B? | AN26: Yes | AQ26: B | AW26: B | BC26: B | BF26: Do the external bounds of A exist outside the external bounds of B? | BG26: Yes | BJ26: B | BP26: B | BV26: B | BY26: Do the external bounds of B exist outside the external bounds of A? | BZ26: No | CC26: B | CI26: B | CO26: B | CR26: Does the interior of A include the exterior of B? Does the interior of B include the exterior of A? | CS26: Yes | CV26: B | DB26: B | DH26: B | DK26: A Confines B
X27: I | Y27: B | Z27: E | AD27: I | AE27: B | AF27: E | AJ27: I | AK27: B | AL27: E | AQ27: I | AR27: B | AS27: E | AW27: I | AX27: B | AY27: E | BC27: I | BD27: B | BE27: E | BJ27: I | BK27: B | BL27: E | BP27: I | BQ27: B | BR27: E | BV27: I | BW27: B | BX27: E | CC27: I | CD27: B | CE27: E | CI27: I | CJ27: B | CK27: E | CO27: I | CP27: B | CQ27: E | CV27: I | CW27: B | CX27: E | DB27: I | DC27: B | DD27: E | DH27: I | DI27: B | DJ27: E
V28: A | W28: I | X28: F | Y28: * | Z28: * | AB28: A | AC28: I | AD28: * | AE28: * | AF28: * | AH28: A | AI28: I | AJ28: * | AK28: * | AL28: * | AO28: A | AP28: I | AQ28: F | AR28: * | AS28: * | AU28: A | AV28: I | AW28: T | AX28: * | AY28: * | BA28: A | BB28: I | BC28: * | BD28: * | BE28: * | BH28: A | BI28: I | BJ28: F | BK28: * | BL28: * | BN28: A | BO28: I | BP28: T | BQ28: * | BR28: T | BT28: A | BU28: I | BV28: * | BW28: * | BX28: * | CA28: A | CB28: I | CC28: F | CD28: * | CE28: * | CG28: A | CH28: I | CI28: T | CJ28: * | CK28: T | CM28: A | CN28: I | CO28: * | CP28: * | CQ28: * | CT28: A | CU28: I | CV28: F | CW28: * | CX28: T | CZ28: A | DA28: I | DB28: T | DC28: * | DD28: T | DF28: A | DG28: I | DH28: * | DI28: * | DJ28: *
W29: B | X29: * | Y29: T | Z29: * | AC29: B | AD29: * | AE29: * | AF29: * | AI29: B | AJ29: * | AK29: * | AL29: * | AP29: B | AQ29: * | AR29: T | AS29: * | AV29: B | AW29: * | AX29: * | AY29: * | BB29: B | BC29: * | BD29: * | BE29: * | BI29: B | BJ29: * | BK29: T | BL29: * | BO29: B | BP29: * | BQ29: * | BR29: * | BU29: B | BV29: * | BW29: * | BX29: * | CB29: B | CC29: * | CD29: T | CE29: * | CH29: B | CI29: * | CJ29: * | CK29: * | CN29: B | CO29: * | CP29: * | CQ29: * | CU29: B | CV29: * | CW29: T | CX29: * | DA29: B | DB29: * | DC29: * | DD29: * | DG29: B | DH29: * | DI29: * | DJ29: *
W30: E | X30: * | Y30: * | Z30: * | AC30: E | AD30: * | AE30: * | AF30: * | AI30: E | AJ30: * | AK30: * | AL30: * | AP30: E | AQ30: * | AR30: * | AS30: * | AV30: E | AW30: * | AX30: * | AY30: * | BB30: E | BC30: * | BD30: * | BE30: * | BI30: E | BJ30: * | BK30: * | BL30: * | BO30: E | BP30: * | BQ30: * | BR30: * | BU30: E | BV30: * | BW30: * | BX30: * | CB30: E | CC30: * | CD30: * | CE30: * | CH30: E | CI30: F | CJ30: * | CK30: * | CN30: E | CO30: * | CP30: * | CQ30: * | CU30: E | CV30: T | CW30: * | CX30: * | DA30: E | DB30: F | DC30: * | DD30: * | DG30: E | DH30: * | DI30: * | DJ30: *
BG32: No | BJ32: B | BP32: B | BV32: B | BY32: Do the external bounds of B exist outside the external bounds of A? | BZ32: Yes | CC32: B | CI32: B | CO32: B | CS32: Yes | CV32: B | DB32: B | DH32: B | DK32: A is Confined by B
BJ33: I | BK33: B | BL33: E | BP33: I | BQ33: B | BR33: E | BV33: I | BW33: B | BX33: E | CC33: I | CD33: B | CE33: E | CI33: I | CJ33: B | CK33: E | CO33: I | CP33: B | CQ33: E | CV33: I | CW33: B | CX33: E | DB33: I | DC33: B | DD33: E | DH33: I | DI33: B | DJ33: E
BH34: A | BI34: I | BJ34: F | BK34: * | BL34: * | BN34: A | BO34: I | BP34: T | BQ34: * | BR34: F | BT34: A | BU34: I | BV34: * | BW34: * | BX34: * | CA34: A | CB34: I | CC34: F | CD34: * | CE34: * | CG34: A | CH34: I | CI34: T | CJ34: * | CK34: F | CM34: A | CN34: I | CO34: * | CP34: * | CQ34: * | CT34: A | CU34: I | CV34: F | CW34: * | CX34: T | CZ34: A | DA34: I | DB34: T | DC34: * | DD34: F | DF34: A | DG34: I | DH34: * | DI34: * | DJ34: *
BI35: B | BJ35: * | BK35: T | BL35: * | BO35: B | BP35: * | BQ35: * | BR35: * | BU35: B | BV35: * | BW35: * | BX35: * | CB35: B | CC35: * | CD35: T | CE35: * | CH35: B | CI35: * | CJ35: * | CK35: * | CN35: B | CO35: * | CP35: * | CQ35: * | CU35: B | CV35: * | CW35: T | CX35: * | DA35: B | DB35: * | DC35: * | DD35: * | DG35: B | DH35: * | DI35: * | DJ35: *
BI36: E | BJ36: * | BK36: * | BL36: * | BO36: E | BP36: * | BQ36: * | BR36: * | BU36: E | BV36: * | BW36: * | BX36: * | CB36: E | CC36: * | CD36: * | CE36: * | CH36: E | CI36: T | CJ36: * | CK36: * | CN36: E | CO36: * | CP36: * | CQ36: * | CU36: E | CV36: T | CW36: * | CX36: * | DA36: E | DB36: T | DC36: * | DD36: * | DG36: E | DH36: * | DI36: * | DJ36: *
AN38: No | AQ38: B | AW38: B | BC38: B | BF38: Do the external bounds of B exist outside the external bounds of A? | BG38: Yes | BJ38: B | BP38: B | BV38: B | BY38: A Borders B | CC38: B | CI38: B | CO38: B | CR38: Should this be Possible?
AQ39: I | AR39: B | AS39: E | AW39: I | AX39: B | AY39: E | BC39: I | BD39: B | BE39: E | BJ39: I | BK39: B | BL39: E | BP39: I | BQ39: B | BR39: E | BV39: I | BW39: B | BX39: E | CC39: I | CD39: B | CE39: E | CI39: I | CJ39: B | CK39: E | CO39: I | CP39: B | CQ39: E
AO40: A | AP40: I | AQ40: F | AR40: * | AS40: * | AU40: A | AV40: I | AW40: F | AX40: * | AY40: * | BA40: A | BB40: I | BC40: * | BD40: * | BE40: * | BH40: A | BI40: I | BJ40: F | BK40: * | BL40: * | BN40: A | BO40: I | BP40: F | BQ40: * | BR40: T | BT40: A | BU40: I | BV40: * | BW40: * | BX40: * | CA40: A | CB40: I | CC40: F | CD40: * | CE40: * | CG40: A | CH40: I | CI40: T | CJ40: * | CK40: T | CM40: A | CN40: I | CO40: * | CP40: * | CQ40: *
AP41: B | AQ41: * | AR41: T | AS41: * | AV41: B | AW41: * | AX41: * | AY41: * | BB41: B | BC41: * | BD41: * | BE41: * | BI41: B | BJ41: * | BK41: T | BL41: * | BO41: B | BP41: * | BQ41: * | BR41: * | BU41: B | BV41: * | BW41: * | BX41: * | CB41: B | CC41: * | CD41: T | CE41: * | CH41: B | CI41: * | CJ41: * | CK41: * | CN41: B | CO41: * | CP41: * | CQ41: *
AP42: E | AQ42: * | AR42: * | AS42: * | AV42: E | AW42: * | AX42: * | AY42: * | BB42: E | BC42: * | BD42: * | BE42: * | BI42: E | BJ42: * | BK42: * | BL42: * | BO42: E | BP42: T | BQ42: * | BR42: * | BU42: E | BV42: * | BW42: * | BX42: * | CB42: E | CC42: * | CD42: * | CE42: * | CH42: E | CI42: T | CJ42: * | CK42: * | CN42: E | CO42: * | CP42: * | CQ42: *
B44: No | E44: B | K44: B | Q44: B | T44: Do the interiors of A and B overlap? | U44: Yes | X44: B | AD44: B | AJ44: B | AM44: Does the interior of A include the exterior of B? | AN44: Yes | AQ44: B | AW44: B | BC44: B | BF44: Does the interior of B include the exterior of A? | BG44: No | BJ44: B | BP44: B | BV44: B | BY44: A Contains B
E45: I | F45: B | G45: E | K45: I | L45: B | M45: E | Q45: I | R45: B | S45: E | X45: I | Y45: B | Z45: E | AD45: I | AE45: B | AF45: E | AJ45: I | AK45: B | AL45: E | AQ45: I | AR45: B | AS45: E | AW45: I | AX45: B | AY45: E | BC45: I | BD45: B | BE45: E | BJ45: I | BK45: B | BL45: E | BP45: I | BQ45: B | BR45: E | BV45: I | BW45: B | BX45: E
C46: A | D46: I | E46: * | F46: * | G46: * | I46: A | J46: I | K46: * | L46: * | M46: * | O46: A | P46: I | Q46: * | R46: * | S46: * | V46: A | W46: I | X46: T | Y46: * | Z46: * | AB46: A | AC46: I | AD46: * | AE46: * | AF46: * | AH46: A | AI46: I | AJ46: * | AK46: * | AL46: * | AO46: A | AP46: I | AQ46: T | AR46: * | AS46: T | AU46: A | AV46: I | AW46: * | AX46: * | AY46: * | BA46: A | BB46: I | BC46: * | BD46: * | BE46: * | BH46: A | BI46: I | BJ46: T | BK46: * | BL46: T | BN46: A | BO46: I | BP46: * | BQ46: * | BR46: * | BT46: A | BU46: I | BV46: * | BW46: * | BX46: *
D47: B | E47: * | F47: F | G47: * | J47: B | K47: * | L47: * | M47: * | P47: B | Q47: * | R47: * | S47: * | W47: B | X47: * | Y47: F | Z47: * | AC47: B | AD47: * | AE47: * | AF47: * | AI47: B | AJ47: * | AK47: * | AL47: * | AP47: B | AQ47: * | AR47: F | AS47: * | AV47: B | AW47: * | AX47: * | AY47: * | BB47: B | BC47: * | BD47: * | BE47: * | BI47: B | BJ47: * | BK47: F | BL47: * | BO47: B | BP47: * | BQ47: * | BR47: * | BU47: B | BV47: * | BW47: * | BX47: *
D48: E | E48: * | F48: * | G48: * | J48: E | K48: * | L48: * | M48: * | P48: E | Q48: * | R48: * | S48: * | W48: E | X48: * | Y48: * | Z48: * | AC48: E | AD48: * | AE48: * | AF48: * | AI48: E | AJ48: * | AK48: * | AL48: * | AP48: E | AQ48: * | AR48: * | AS48: * | AV48: E | AW48: * | AX48: * | AY48: * | BB48: E | BC48: * | BD48: * | BE48: * | BI48: E | BJ48: F | BK48: * | BL48: * | BO48: E | BP48: * | BQ48: * | BR48: * | BU48: E | BV48: * | BW48: * | BX48: *
AN50: No | AQ50: B | AW50: B | BC50: B | BF50: Does the interior of B include the exterior of A? | BG50: Yes | BJ50: B | BP50: B | BV50: B | BY50: A is Within B
AQ51: I | AR51: B | AS51: E | AW51: I | AX51: B | AY51: E | BC51: I | BD51: B | BE51: E | BJ51: I | BK51: B | BL51: E | BP51: I | BQ51: B | BR51: E | BV51: I | BW51: B | BX51: E
AO52: A | AP52: I | AQ52: T | AR52: * | AS52: F | AU52: A | AV52: I | AW52: * | AX52: * | AY52: * | BA52: A | BB52: I | BC52: * | BD52: * | BE52: * | BH52: A | BI52: I | BJ52: T | BK52: * | BL52: F | BN52: A | BO52: I | BP52: * | BQ52: * | BR52: * | BT52: A | BU52: I | BV52: * | BW52: * | BX52: *
AP53: B | AQ53: * | AR53: F | AS53: * | AV53: B | AW53: * | AX53: * | AY53: * | BB53: B | BC53: * | BD53: * | BE53: * | BI53: B | BJ53: * | BK53: F | BL53: * | BO53: B | BP53: * | BQ53: * | BR53: * | BU53: B | BV53: * | BW53: * | BX53: *
AP54: E | AQ54: * | AR54: * | AS54: * | AV54: E | AW54: * | AX54: * | AY54: * | BB54: E | BC54: * | BD54: * | BE54: * | BI54: E | BJ54: T | BK54: * | BL54: * | BO54: E | BP54: * | BQ54: * | BR54: * | BU54: E | BV54: * | BW54: * | BX54: *
U56: No | X56: B | AD56: B | AJ56: B | AM56: Do the external bounds of A contain the external bounds of B? | AN56: Yes | AQ56: B | AW56: B | BC56: B | BF56: Do the external bounds of A exist outside the external bounds of B? | BG56: Yes | BJ56: B | BP56: B | BV56: B | BY56: Do the external bounds of B exist outside the external bounds of A? | BZ56: No | CC56: B | CI56: B | CO56: B | CR56: Does the interior of A include the exterior of B? Does the interior of B include the exterior of A? | CS56: Yes | CV56: B | DB56: B | DH56: B | DK56: A Surrounds B
X57: I | Y57: B | Z57: E | AD57: I | AE57: B | AF57: E | AJ57: I | AK57: B | AL57: E | AQ57: I | AR57: B | AS57: E | AW57: I | AX57: B | AY57: E | BC57: I | BD57: B | BE57: E | BJ57: I | BK57: B | BL57: E | BP57: I | BQ57: B | BR57: E | BV57: I | BW57: B | BX57: E | CC57: I | CD57: B | CE57: E | CI57: I | CJ57: B | CK57: E | CO57: I | CP57: B | CQ57: E | CV57: I | CW57: B | CX57: E | DB57: I | DC57: B | DD57: E | DH57: I | DI57: B | DJ57: E
V58: A | W58: I | X58: F | Y58: * | Z58: * | AB58: A | AC58: I | AD58: * | AE58: * | AF58: * | AH58: A | AI58: I | AJ58: * | AK58: * | AL58: * | AO58: A | AP58: I | AQ58: F | AR58: * | AS58: * | AU58: A | AV58: I | AW58: T | AX58: * | AY58: * | BA58: A | BB58: I | BC58: * | BD58: * | BE58: * | BH58: A | BI58: I | BJ58: F | BK58: * | BL58: * | BN58: A | BO58: I | BP58: T | BQ58: * | BR58: T | BT58: A | BU58: I | BV58: * | BW58: * | BX58: * | CA58: A | CB58: I | CC58: F | CD58: * | CE58: * | CG58: A | CH58: I | CI58: T | CJ58: * | CK58: T | CM58: A | CN58: I | CO58: * | CP58: * | CQ58: * | CT58: A | CU58: I | CV58: F | CW58: * | CX58: T | CZ58: A | DA58: I | DB58: T | DC58: * | DD58: T | DF58: A | DG58: I | DH58: * | DI58: * | DJ58: *
W59: B | X59: * | Y59: F | Z59: * | AC59: B | AD59: * | AE59: * | AF59: * | AI59: B | AJ59: * | AK59: * | AL59: * | AP59: B | AQ59: * | AR59: F | AS59: * | AV59: B | AW59: * | AX59: * | AY59: * | BB59: B | BC59: * | BD59: * | BE59: * | BI59: B | BJ59: * | BK59: F | BL59: * | BO59: B | BP59: * | BQ59: * | BR59: * | BU59: B | BV59: * | BW59: * | BX59: * | CB59: B | CC59: * | CD59: F | CE59: * | CH59: B | CI59: * | CJ59: * | CK59: * | CN59: B | CO59: * | CP59: * | CQ59: * | CU59: B | CV59: * | CW59: F | CX59: * | DA59: B | DB59: * | DC59: * | DD59: * | DG59: B | DH59: * | DI59: * | DJ59: *
W60: E | X60: * | Y60: * | Z60: * | AC60: E | AD60: * | AE60: * | AF60: * | AI60: E | AJ60: * | AK60: * | AL60: * | AP60: E | AQ60: * | AR60: * | AS60: * | AV60: E | AW60: * | AX60: * | AY60: * | BB60: E | BC60: * | BD60: * | BE60: * | BI60: E | BJ60: * | BK60: * | BL60: * | BO60: E | BP60: * | BQ60: * | BR60: * | BU60: E | BV60: * | BW60: * | BX60: * | CB60: E | CC60: * | CD60: * | CE60: * | CH60: E | CI60: F | CJ60: * | CK60: * | CN60: E | CO60: * | CP60: * | CQ60: * | CU60: E | CV60: T | CW60: * | CX60: * | DA60: E | DB60: F | DC60: * | DD60: * | DG60: E | DH60: * | DI60: * | DJ60: *
BG62: No | BJ62: B | BP62: B | BV62: B | BY62: Do the external bounds of B exist outside the external bounds of A? | BZ62: Yes | CC62: B | CI62: B | CO62: B | CS62: Yes | CV62: B | DB62: B | DH62: B | DK62: A is Enclosed by B
BJ63: I | BK63: B | BL63: E | BP63: I | BQ63: B | BR63: E | BV63: I | BW63: B | BX63: E | CC63: I | CD63: B | CE63: E | CI63: I | CJ63: B | CK63: E | CO63: I | CP63: B | CQ63: E | CV63: I | CW63: B | CX63: E | DB63: I | DC63: B | DD63: E | DH63: I | DI63: B | DJ63: E
BH64: A | BI64: I | BJ64: F | BK64: * | BL64: * | BN64: A | BO64: I | BP64: T | BQ64: * | BR64: F | BT64: A | BU64: I | BV64: * | BW64: * | BX64: * | CA64: A | CB64: I | CC64: F | CD64: * | CE64: * | CG64: A | CH64: I | CI64: T | CJ64: * | CK64: F | CM64: A | CN64: I | CO64: * | CP64: * | CQ64: * | CT64: A | CU64: I | CV64: F | CW64: * | CX64: T | CZ64: A | DA64: I | DB64: T | DC64: * | DD64: F | DF64: A | DG64: I | DH64: * | DI64: * | DJ64: *
BI65: B | BJ65: * | BK65: F | BL65: * | BO65: B | BP65: * | BQ65: * | BR65: * | BU65: B | BV65: * | BW65: * | BX65: * | CB65: B | CC65: * | CD65: F | CE65: * | CH65: B | CI65: * | CJ65: * | CK65: * | CN65: B | CO65: * | CP65: * | CQ65: * | CU65: B | CV65: * | CW65: F | CX65: * | DA65: B | DB65: * | DC65: * | DD65: * | DG65: B | DH65: * | DI65: * | DJ65: *
BI66: E | BJ66: * | BK66: * | BL66: * | BO66: E | BP66: * | BQ66: * | BR66: * | BU66: E | BV66: * | BW66: * | BX66: * | CB66: E | CC66: * | CD66: * | CE66: * | CH66: E | CI66: T | CJ66: * | CK66: * | CN66: E | CO66: * | CP66: * | CQ66: * | CU66: E | CV66: T | CW66: * | CX66: * | DA66: E | DB66: T | DC66: * | DD66: * | DG66: E | DH66: * | DI66: * | DJ66: *
AN68: No | AQ68: B | AW68: B | BC68: B | BF68: Does the convex hull of A exist outside the convex hull of B? | BG68: Yes | BJ68: B | BP68: B | BV68: B | BY68: Does the convex hull of B exist outside the convex hull of A? | BZ68: Yes | CC68: B | CI68: B | CO68: B | CS68: Yes | CV68: B | DB68: B | DH68: B | DK68: A is Disjoint with B
AQ69: I | AR69: B | AS69: E | AW69: I | AX69: B | AY69: E | BC69: I | BD69: B | BE69: E | BJ69: I | BK69: B | BL69: E | BP69: I | BQ69: B | BR69: E | BV69: I | BW69: B | BX69: E | CC69: I | CD69: B | CE69: E | CI69: I | CJ69: B | CK69: E | CO69: I | CP69: B | CQ69: E | CV69: I | CW69: B | CX69: E | DB69: I | DC69: B | DD69: E | DH69: I | DI69: B | DJ69: E
AO70: A | AP70: I | AQ70: F | AR70: * | AS70: * | AU70: A | AV70: I | AW70: F | AX70: * | AY70: * | BA70: A | BB70: I | BC70: * | BD70: * | BE70: * | BH70: A | BI70: I | BJ70: F | BK70: * | BL70: * | BN70: A | BO70: I | BP70: F | BQ70: * | BR70: * | BT70: A | BU70: I | BV70: * | BW70: * | BX70: T | CA70: A | CB70: I | CC70: F | CD70: * | CE70: * | CG70: A | CH70: I | CI70: * | CJ70: * | CK70: T | CM70: A | CN70: I | CO70: * | CP70: * | CQ70: T | CT70: A | CU70: I | CV70: F | CW70: * | CX70: T | CZ70: A | DA70: I | DB70: * | DC70: * | DD70: T | DF70: A | DG70: I | DH70: * | DI70: * | DJ70: T
AP71: B | AQ71: * | AR71: F | AS71: * | AV71: B | AW71: * | AX71: * | AY71: * | BB71: B | BC71: * | BD71: * | BE71: * | BI71: B | BJ71: * | BK71: F | BL71: * | BO71: B | BP71: * | BQ71: * | BR71: * | BU71: B | BV71: * | BW71: * | BX71: * | CB71: B | CC71: * | CD71: F | CE71: * | CH71: B | CI71: * | CJ71: * | CK71: * | CN71: B | CO71: * | CP71: * | CQ71: * | CU71: B | CV71: * | CW71: F | CX71: * | DA71: B | DB71: * | DC71: * | DD71: * | DG71: B | DH71: * | DI71: * | DJ71: *
AP72: E | AQ72: * | AR72: * | AS72: * | AV72: E | AW72: * | AX72: * | AY72: * | BB72: E | BC72: * | BD72: * | BE72: * | BI72: E | BJ72: * | BK72: * | BL72: * | BO72: E | BP72: * | BQ72: * | BR72: * | BU72: E | BV72: * | BW72: * | BX72: * | CB72: E | CC72: * | CD72: * | CE72: * | CH72: E | CI72: T | CJ72: * | CK72: * | CN72: E | CO72: T | CP72: * | CQ72: * | CU72: T | CV72: * | CW72: * | CX72: * | DA72: E | DB72: T | DC72: * | DD72: * | DG72: E | DH72: T | DI72: * | DJ72: *
BZ74: No | CC74: B | CI74: B | CO74: B | CR74: Does the convex hull of A contain the convex hull of B? | CS74: Yes | CV74: B | DB74: B | DH74: B | DK74: A Shelters B
CC75: I | CD75: B | CE75: E | CI75: I | CJ75: B | CK75: E | CO75: I | CP75: B | CQ75: E | CV75: I | CW75: B | CX75: E | DB75: I | DC75: B | DD75: E | DH75: I | DI75: B | DJ75: E
CA76: A | CB76: I | CC76: F | CD76: * | CE76: * | CG76: A | CH76: I | CI76: F | CJ76: * | CK76: * | CM76: A | CN76: I | CO76: * | CP76: * | CQ76: T | CT76: A | CU76: I | CV76: F | CW76: * | CX76: T | CZ76: A | DA76: I | DB76: F | DC76: * | DD76: * | DF76: A | DG76: I | DH76: T | DI76: * | DJ76: T
CB77: B | CC77: * | CD77: F | CE77: * | CH77: B | CI77: * | CJ77: * | CK77: * | CN77: B | CO77: * | CP77: * | CQ77: * | CU77: B | CV77: * | CW77: F | CX77: * | DA77: B | DB77: * | DC77: * | DD77: * | DG77: B | DH77: * | DI77: * | DJ77: *
CB78: E | CC78: * | CD78: * | CE78: * | CH78: E | CI78: * | CJ78: * | CK78: * | CN78: E | CO78: F | CP78: * | CQ78: * | CU78: E | CV78: T | CW78: * | CX78: * | DA78: E | DB78: * | DC78: * | DD78: * | DG78: E | DH78: F | DI78: * | DJ78: *
BG80: No | BJ80: B | BP80: B | BV80: B | BY80: Does the convex hull of B exist outside the convex hull of A? | BZ80: No | CC80: B | CI80: B | CO80: B | CR80: Does the convex hull of A contain the convex hull of B? | CS80: Yes | CV80: B | DB80: B | DH80: B | DK80: A is Sheltered by B
BJ81: I | BK81: B | BL81: E | BP81: I | BQ81: B | BR81: E | BV81: I | BW81: B | BX81: E | CC81: I | CD81: B | CE81: E | CI81: I | CJ81: B | CK81: E | CO81: I | CP81: B | CQ81: E | CV81: I | CW81: B | CX81: E | DB81: I | DC81: B | DD81: E | DH81: I | DI81: B | DJ81: E
BH82: A | BI82: I | BJ82: F | BK82: * | BL82: * | BN82: A | BO82: I | BP82: F | BQ82: * | BR82: * | BT82: A | BU82: I | BV82: * | BW82: * | BX82: F | CA82: A | CB82: I | CC82: F | CD82: * | CE82: * | CG82: A | CH82: I | CI82: F | CJ82: * | CK82: * | CM82: A | CN82: I | CO82: * | CP82: * | CQ82: F | CT82: A | CU82: I | CV82: F | CW82: * | CX82: T | CZ82: A | DA82: I | DB82: F | DC82: * | DD82: * | DF82: A | DG82: I | DH82: T | DI82: * | DJ82: F
BI83: B | BJ83: * | BK83: F | BL83: * | BO83: B | BP83: * | BQ83: * | BR83: * | BU83: B | BV83: * | BW83: * | BX83: * | CB83: B | CC83: * | CD83: F | CE83: * | CH83: B | CI83: * | CJ83: * | CK83: * | CN83: B | CO83: * | CP83: * | CQ83: * | CU83: B | CV83: * | CW83: F | CX83: * | DA83: B | DB83: * | DC83: * | DD83: * | DG83: B | DH83: * | DI83: * | DJ83: *
BI84: E | BJ84: * | BK84: * | BL84: * | BO84: E | BP84: * | BQ84: * | BR84: * | BU84: E | BV84: * | BW84: * | BX84: * | CB84: E | CC84: * | CD84: * | CE84: * | CH84: E | CI84: * | CJ84: * | CK84: * | CN84: E | CO84: T | CP84: * | CQ84: * | CU84: E | CV84: T | CW84: * | CX84: * | DA84: E | DB84: * | DC84: * | DD84: * | DG84: E | DH84: T | DI84: * | DJ84: *

Sheet DE-9IM Matrixes
V1: Region Test | AF1: Exterior Test | AP1: Hull Test | BB1: Region Test | BC1: Exterior Test | BD1: Hull Test
A2: ='Descision Matrix'!BY2 -> A Overlaps B | D2: B | E2: 0 | F2: 0 | G2: ='Descision Matrix'!BM2 -> 0 | J2: B | K2: 0 | L2: 0 | M2: ='Descision Matrix'!BS2 -> 0 | P2: B | Q2: 0 | R2: 0 | T2: =A2 -> A Overlaps B | V2: =D4 -> T | W2: =E4 -> * | X2: =F4 -> T | Y2: =D5 -> * | Z2: =E5 -> * | AA2: =F5 -> * | AB2: =D6 -> T | AC2: =E6 -> * | AD2: =F6 -> * | AF2: =J4 -> * | AG2: =K4 -> * | AH2: =L4 -> * | AI2: =J5 -> * | AJ2: =K5 -> * | AK2: =L5 -> * | AL2: =J6 -> * | AM2: =K6 -> * | AN2: =L6 -> * | AP2: =P4 -> * | AQ2: =Q4 -> * | AR2: =R4 -> * | AS2: =P5 -> * | AT2: =Q5 -> * | AU2: =R5 -> * | AV2: =P6 -> * | AW2: =Q6 -> * | AX2: =R6 -> * | BA2: =T2 -> A Overlaps B | BB2: =CONCATENATE(V2,W2,X2,Y2,Z2,AA2,AB2,AC2,AD2) -> T*T***T** | BC2: =CONCATENATE(AF2,AG2,AH2,AI2,AJ2,AK2,AL2,AM2,AN2) -> ********* | BD2: =CONCATENATE(AP2,AQ2,AR2,AS2,AT2,AU2,AV2,AW2,AX2) -> *********
A3: ='Descision Matrix'!BY3 -> 0 | D3: I | E3: B | F3: E | G3: ='Descision Matrix'!BM3 -> 0 | J3: I | K3: B | L3: E | M3: ='Descision Matrix'!BS3 -> 0 | P3: I | Q3: B | R3: E
A4: ='Descision Matrix'!BY4 -> 0 | B4: A | C4: I | D4: ='Descision Matrix'!BJ4 -> T | E4: ='Descision Matrix'!BK4 -> * | F4: ='Descision Matrix'!BL4 -> T | G4: ='Descision Matrix'!BM4 -> 0 | H4: A | I4: I | J4: ='Descision Matrix'!BP4 -> * | K4: ='Descision Matrix'!BQ4 -> * | L4: ='Descision Matrix'!BR4 -> * | M4: ='Descision Matrix'!BS4 -> 0 | N4: A | O4: I | P4: ='Descision Matrix'!BV4 -> * | Q4: ='Descision Matrix'!BW4 -> * | R4: ='Descision Matrix'!BX4 -> *
A5: ='Descision Matrix'!BY5 -> 0 | B5: 0 | C5: B | D5: ='Descision Matrix'!BJ5 -> * | E5: ='Descision Matrix'!BK5 -> * | F5: ='Descision Matrix'!BL5 -> * | G5: ='Descision Matrix'!BM5 -> 0 | H5: 0 | I5: B | J5: ='Descision Matrix'!BP5 -> * | K5: ='Descision Matrix'!BQ5 -> * | L5: ='Descision Matrix'!BR5 -> * | M5: ='Descision Matrix'!BS5 -> 0 | N5: 0 | O5: B | P5: ='Descision Matrix'!BV5 -> * | Q5: ='Descision Matrix'!BW5 -> * | R5: ='Descision Matrix'!BX5 -> *
A6: ='Descision Matrix'!BY6 -> 0 | B6: 0 | C6: E | D6: ='Descision Matrix'!BJ6 -> T | E6: ='Descision Matrix'!BK6 -> * | F6: ='Descision Matrix'!BL6 -> * | G6: ='Descision Matrix'!BM6 -> 0 | H6: 0 | I6: E | J6: ='Descision Matrix'!BP6 -> * | K6: ='Descision Matrix'!BQ6 -> * | L6: ='Descision Matrix'!BR6 -> * | M6: ='Descision Matrix'!BS6 -> 0 | N6: 0 | O6: E | P6: ='Descision Matrix'!BV6 -> * | Q6: ='Descision Matrix'!BW6 -> * | R6: ='Descision Matrix'!BX6 -> *
A7: ='Descision Matrix'!BY8 -> A is Partitioned by B | D7: B | E7: 0 | F7: 0 | G7: ='Descision Matrix'!BM7 -> 0 | J7: B | K7: 0 | L7: 0 | M7: ='Descision Matrix'!BS7 -> 0 | P7: B | Q7: 0 | R7: 0 | T7: =A7 -> A is Partitioned by B | V7: =D9 -> T | W7: =E9 -> * | X7: =F9 -> T | Y7: =D10 -> * | Z7: =E10 -> T | AA7: =F10 -> * | AB7: =D11 -> F | AC7: =E11 -> * | AD7: =F11 -> * | AF7: =J9 -> * | AG7: =K9 -> * | AH7: =L9 -> * | AI7: =J10 -> * | AJ7: =K10 -> * | AK7: =L10 -> * | AL7: =J11 -> * | AM7: =K11 -> * | AN7: =L11 -> * | AP7: =P9 -> * | AQ7: =Q9 -> * | AR7: =R9 -> * | AS7: =P10 -> * | AT7: =Q10 -> * | AU7: =R10 -> * | AV7: =P11 -> * | AW7: =Q11 -> * | AX7: =R11 -> * | BA7: =T7 -> A is Partitioned by B | BB7: =CONCATENATE(V7,W7,X7,Y7,Z7,AA7,AB7,AC7,AD7) -> T*T*T*F** | BC7: =CONCATENATE(AF7,AG7,AH7,AI7,AJ7,AK7,AL7,AM7,AN7) -> ********* | BD7: =CONCATENATE(AP7,AQ7,AR7,AS7,AT7,AU7,AV7,AW7,AX7) -> *********
A8: ='Descision Matrix'!BY9 -> 0 | D8: I | E8: B | F8: E | G8: ='Descision Matrix'!BM8 -> 0 | J8: I | K8: B | L8: E | M8: ='Descision Matrix'!BS8 -> 0 | P8: I | Q8: B | R8: E
A9: ='Descision Matrix'!BY10 -> 0 | B9: A | C9: I | D9: ='Descision Matrix'!BJ10 -> T | E9: ='Descision Matrix'!BK10 -> * | F9: ='Descision Matrix'!BL10 -> T | G9: ='Descision Matrix'!BM10 -> 0 | H9: A | I9: I | J9: ='Descision Matrix'!BP10 -> * | K9: ='Descision Matrix'!BQ10 -> * | L9: ='Descision Matrix'!BR10 -> * | M9: ='Descision Matrix'!BS10 -> 0 | N9: A | O9: I | P9: ='Descision Matrix'!BV10 -> * | Q9: ='Descision Matrix'!BW10 -> * | R9: ='Descision Matrix'!BX10 -> *
A10: ='Descision Matrix'!BY11 -> 0 | B10: 0 | C10: B | D10: ='Descision Matrix'!BJ11 -> * | E10: ='Descision Matrix'!BK11 -> T | F10: ='Descision Matrix'!BL11 -> * | G10: ='Descision Matrix'!BM11 -> 0 | H10: 0 | I10: B | J10: ='Descision Matrix'!BP11 -> * | K10: ='Descision Matrix'!BQ11 -> * | L10: ='Descision Matrix'!BR11 -> * | M10: ='Descision Matrix'!BS11 -> 0 | N10: 0 | O10: B | P10: ='Descision Matrix'!BV11 -> * | Q10: ='Descision Matrix'!BW11 -> * | R10: ='Descision Matrix'!BX11 -> *
A11: ='Descision Matrix'!BY12 -> 0 | B11: 0 | C11: E | D11: ='Descision Matrix'!BJ12 -> F | E11: ='Descision Matrix'!BK12 -> * | F11: ='Descision Matrix'!BL12 -> * | G11: ='Descision Matrix'!BM12 -> 0 | H11: 0 | I11: E | J11: ='Descision Matrix'!BP12 -> * | K11: ='Descision Matrix'!BQ12 -> * | L11: ='Descision Matrix'!BR12 -> * | M11: ='Descision Matrix'!BS12 -> 0 | N11: 0 | O11: E | P11: ='Descision Matrix'!BV12 -> * | Q11: ='Descision Matrix'!BW12 -> * | R11: ='Descision Matrix'!BX12 -> *
A12: ='Descision Matrix'!BY14 -> A Partitions B | D12: B | E12: 0 | F12: 0 | G12: ='Descision Matrix'!BM13 -> 0 | J12: B | K12: 0 | L12: 0 | M12: ='Descision Matrix'!BS13 -> 0 | P12: B | Q12: 0 | R12: 0 | T12: =A12 -> A Partitions B | V12: =D14 -> T | W12: =E14 -> * | X12: =F14 -> F | Y12: =D15 -> * | Z12: =E15 -> T | AA12: =F15 -> * | AB12: =D16 -> T | AC12: =E16 -> * | AD12: =F16 -> * | AF12: =J14 -> * | AG12: =K14 -> * | AH12: =L14 -> * | AI12: =J15 -> * | AJ12: =K15 -> * | AK12: =L15 -> * | AL12: =J16 -> * | AM12: =K16 -> * | AN12: =L16 -> * | AP12: =P14 -> * | AQ12: =Q14 -> * | AR12: =R14 -> * | AS12: =P15 -> * | AT12: =Q15 -> * | AU12: =R15 -> * | AV12: =P16 -> * | AW12: =Q16 -> * | AX12: =R16 -> * | BA12: =T12 -> A Partitions B | BB12: =CONCATENATE(V12,W12,X12,Y12,Z12,AA12,AB12,AC12,AD12) -> T*F*T*T** | BC12: =CONCATENATE(AF12,AG12,AH12,AI12,AJ12,AK12,AL12,AM12,AN12) -> ********* | BD12: =CONCATENATE(AP12,AQ12,AR12,AS12,AT12,AU12,AV12,AW12,AX12) -> *********
A13: ='Descision Matrix'!BY15 -> 0 | D13: I | E13: B | F13: E | G13: ='Descision Matrix'!BM14 -> 0 | J13: I | K13: B | L13: E | M13: ='Descision Matrix'!BS14 -> 0 | P13: I | Q13: B | R13: E
A14: ='Descision Matrix'!BY16 -> 0 | B14: A | C14: I | D14: ='Descision Matrix'!BJ16 -> T | E14: ='Descision Matrix'!BK16 -> * | F14: ='Descision Matrix'!BL16 -> F | G14: ='Descision Matrix'!BM16 -> 0 | H14: A | I14: I | J14: ='Descision Matrix'!BP16 -> * | K14: ='Descision Matrix'!BQ16 -> * | L14: ='Descision Matrix'!BR16 -> * | M14: ='Descision Matrix'!BS16 -> 0 | N14: A | O14: I | P14: ='Descision Matrix'!BV16 -> * | Q14: ='Descision Matrix'!BW16 -> * | R14: ='Descision Matrix'!BX16 -> *
A15: ='Descision Matrix'!BY17 -> 0 | B15: 0 | C15: B | D15: ='Descision Matrix'!BJ17 -> * | E15: ='Descision Matrix'!BK17 -> T | F15: ='Descision Matrix'!BL17 -> * | G15: ='Descision Matrix'!BM17 -> 0 | H15: 0 | I15: B | J15: ='Descision Matrix'!BP17 -> * | K15: ='Descision Matrix'!BQ17 -> * | L15: ='Descision Matrix'!BR17 -> * | M15: ='Descision Matrix'!BS17 -> 0 | N15: 0 | O15: B | P15: ='Descision Matrix'!BV17 -> * | Q15: ='Descision Matrix'!BW17 -> * | R15: ='Descision Matrix'!BX17 -> *
A16: ='Descision Matrix'!BY18 -> 0 | B16: 0 | C16: E | D16: ='Descision Matrix'!BJ18 -> T | E16: ='Descision Matrix'!BK18 -> * | F16: ='Descision Matrix'!BL18 -> * | G16: ='Descision Matrix'!BM18 -> 0 | H16: 0 | I16: E | J16: ='Descision Matrix'!BP18 -> * | K16: ='Descision Matrix'!BQ18 -> * | L16: ='Descision Matrix'!BR18 -> * | M16: ='Descision Matrix'!BS18 -> 0 | N16: 0 | O16: E | P16: ='Descision Matrix'!BV18 -> * | Q16: ='Descision Matrix'!BW18 -> * | R16: ='Descision Matrix'!BX18 -> *
A17: ='Descision Matrix'!BY20 -> A Equals B | D17: B | E17: 0 | F17: 0 | G17: ='Descision Matrix'!BM19 -> 0 | J17: B | K17: 0 | L17: 0 | M17: ='Descision Matrix'!BS19 -> 0 | P17: B | Q17: 0 | R17: 0 | T17: =A17 -> A Equals B | V17: =D19 -> T | W17: =E19 -> * | X17: =F19 -> F | Y17: =D20 -> * | Z17: =E20 -> T | AA17: =F20 -> * | AB17: =D21 -> F | AC17: =E21 -> * | AD17: =F21 -> * | AF17: =J19 -> * | AG17: =K19 -> * | AH17: =L19 -> * | AI17: =J20 -> * | AJ17: =K20 -> * | AK17: =L20 -> * | AL17: =J21 -> * | AM17: =K21 -> * | AN17: =L21 -> * | AP17: =P19 -> * | AQ17: =Q19 -> * | AR17: =R19 -> * | AS17: =P20 -> * | AT17: =Q20 -> * | AU17: =R20 -> * | AV17: =P21 -> * | AW17: =Q21 -> * | AX17: =R21 -> * | BA17: =T17 -> A Equals B | BB17: =CONCATENATE(V17,W17,X17,Y17,Z17,AA17,AB17,AC17,AD17) -> T*F*T*F** | BC17: =CONCATENATE(AF17,AG17,AH17,AI17,AJ17,AK17,AL17,AM17,AN17) -> ********* | BD17: =CONCATENATE(AP17,AQ17,AR17,AS17,AT17,AU17,AV17,AW17,AX17) -> *********
A18: ='Descision Matrix'!BY21 -> 0 | D18: I | E18: B | F18: E | G18: ='Descision Matrix'!BM20 -> 0 | J18: I | K18: B | L18: E | M18: ='Descision Matrix'!BS20 -> 0 | P18: I | Q18: B | R18: E
A19: ='Descision Matrix'!BY22 -> 0 | B19: A | C19: I | D19: ='Descision Matrix'!BJ22 -> T | E19: ='Descision Matrix'!BK22 -> * | F19: ='Descision Matrix'!BL22 -> F | G19: ='Descision Matrix'!BM22 -> 0 | H19: A | I19: I | J19: ='Descision Matrix'!BP22 -> * | K19: ='Descision Matrix'!BQ22 -> * | L19: ='Descision Matrix'!BR22 -> * | M19: ='Descision Matrix'!BS22 -> 0 | N19: A | O19: I | P19: ='Descision Matrix'!BV22 -> * | Q19: ='Descision Matrix'!BW22 -> * | R19: ='Descision Matrix'!BX22 -> *
A20: ='Descision Matrix'!BY23 -> 0 | B20: 0 | C20: B | D20: ='Descision Matrix'!BJ23 -> * | E20: ='Descision Matrix'!BK23 -> T | F20: ='Descision Matrix'!BL23 -> * | G20: ='Descision Matrix'!BM23 -> 0 | H20: 0 | I20: B | J20: ='Descision Matrix'!BP23 -> * | K20: ='Descision Matrix'!BQ23 -> * | L20: ='Descision Matrix'!BR23 -> * | M20: ='Descision Matrix'!BS23 -> 0 | N20: 0 | O20: B | P20: ='Descision Matrix'!BV23 -> * | Q20: ='Descision Matrix'!BW23 -> * | R20: ='Descision Matrix'!BX23 -> *
A21: ='Descision Matrix'!BY24 -> 0 | B21: 0 | C21: E | D21: ='Descision Matrix'!BJ24 -> F | E21: ='Descision Matrix'!BK24 -> * | F21: ='Descision Matrix'!BL24 -> * | G21: ='Descision Matrix'!BM24 -> 0 | H21: 0 | I21: E | J21: ='Descision Matrix'!BP24 -> * | K21: ='Descision Matrix'!BQ24 -> * | L21: ='Descision Matrix'!BR24 -> * | M21: ='Descision Matrix'!BS24 -> 0 | N21: 0 | O21: E | P21: ='Descision Matrix'!BV24 -> * | Q21: ='Descision Matrix'!BW24 -> * | R21: ='Descision Matrix'!BX24 -> *
A22: ='Descision Matrix'!DK26 -> A Confines B | D22: B | E22: 0 | F22: 0 | G22: ='Descision Matrix'!BM25 -> 0 | J22: B | K22: 0 | L22: 0 | M22: ='Descision Matrix'!BS25 -> 0 | P22: B | Q22: 0 | R22: 0 | T22: =A22 -> A Confines B | V22: =D24 -> F | W22: =E24 -> * | X22: =F24 -> * | Y22: =D25 -> * | Z22: =E25 -> T | AA22: =F25 -> * | AB22: =D26 -> * | AC22: =E26 -> * | AD22: =F26 -> * | AF22: =J24 -> T | AG22: =K24 -> * | AH22: =L24 -> T | AI22: =J25 -> * | AJ22: =K25 -> * | AK22: =L25 -> * | AL22: =J26 -> F | AM22: =K26 -> * | AN22: =L26 -> * | AP22: =P24 -> * | AQ22: =Q24 -> * | AR22: =R24 -> * | AS22: =P25 -> * | AT22: =Q25 -> * | AU22: =R25 -> * | AV22: =P26 -> * | AW22: =Q26 -> * | AX22: =R26 -> * | BA22: =T22 -> A Confines B | BB22: =CONCATENATE(V22,W22,X22,Y22,Z22,AA22,AB22,AC22,AD22) -> F***T**** | BC22: =CONCATENATE(AF22,AG22,AH22,AI22,AJ22,AK22,AL22,AM22,AN22) -> T*T***F** | BD22: =CONCATENATE(AP22,AQ22,AR22,AS22,AT22,AU22,AV22,AW22,AX22) -> *********
A23: ='Descision Matrix'!DK27 -> 0 | D23: I | E23: B | F23: E | G23: ='Descision Matrix'!BM26 -> 0 | J23: I | K23: B | L23: E | M23: ='Descision Matrix'!BS26 -> 0 | P23: I | Q23: B | R23: E
A24: ='Descision Matrix'!DK28 -> 0 | B24: A | C24: I | D24: ='Descision Matrix'!CC28 -> F | E24: ='Descision Matrix'!CD28 -> * | F24: ='Descision Matrix'!CE28 -> * | G24: ='Descision Matrix'!CF28 -> 0 | H24: A | I24: I | J24: ='Descision Matrix'!CI28 -> T | K24: ='Descision Matrix'!CJ28 -> * | L24: ='Descision Matrix'!CK28 -> T | M24: ='Descision Matrix'!CL28 -> 0 | N24: A | O24: I | P24: ='Descision Matrix'!CO28 -> * | Q24: ='Descision Matrix'!CP28 -> * | R24: ='Descision Matrix'!CQ28 -> *
A25: ='Descision Matrix'!DK29 -> 0 | B25: 0 | C25: B | D25: ='Descision Matrix'!CC29 -> * | E25: ='Descision Matrix'!CD29 -> T | F25: ='Descision Matrix'!CE29 -> * | G25: ='Descision Matrix'!CF29 -> 0 | H25: 0 | I25: B | J25: ='Descision Matrix'!CI29 -> * | K25: ='Descision Matrix'!CJ29 -> * | L25: ='Descision Matrix'!CK29 -> * | M25: ='Descision Matrix'!CL29 -> 0 | N25: 0 | O25: B | P25: ='Descision Matrix'!CO29 -> * | Q25: ='Descision Matrix'!CP29 -> * | R25: ='Descision Matrix'!CQ29 -> *
A26: ='Descision Matrix'!DK30 -> 0 | B26: 0 | C26: E | D26: ='Descision Matrix'!CC30 -> * | E26: ='Descision Matrix'!CD30 -> * | F26: ='Descision Matrix'!CE30 -> * | G26: ='Descision Matrix'!CF30 -> 0 | H26: 0 | I26: E | J26: ='Descision Matrix'!CI30 -> F | K26: ='Descision Matrix'!CJ30 -> * | L26: ='Descision Matrix'!CK30 -> * | M26: ='Descision Matrix'!CL30 -> 0 | N26: 0 | O26: E | P26: ='Descision Matrix'!CO30 -> * | Q26: ='Descision Matrix'!CP30 -> * | R26: ='Descision Matrix'!CQ30 -> *
A27: ='Descision Matrix'!DK32 -> A is Confined by B | D27: B | E27: 0 | F27: 0 | G27: ='Descision Matrix'!BM31 -> 0 | J27: B | K27: 0 | L27: 0 | M27: ='Descision Matrix'!BS31 -> 0 | P27: B | Q27: 0 | R27: 0 | T27: =A27 -> A is Confined by B | V27: =D29 -> F | W27: =E29 -> * | X27: =F29 -> * | Y27: =D30 -> * | Z27: =E30 -> T | AA27: =F30 -> * | AB27: =D31 -> * | AC27: =E31 -> * | AD27: =F31 -> * | AF27: =J29 -> T | AG27: =K29 -> * | AH27: =L29 -> F | AI27: =J30 -> * | AJ27: =K30 -> * | AK27: =L30 -> * | AL27: =J31 -> T | AM27: =K31 -> * | AN27: =L31 -> * | AP27: =P29 -> * | AQ27: =Q29 -> * | AR27: =R29 -> * | AS27: =P30 -> * | AT27: =Q30 -> * | AU27: =R30 -> * | AV27: =P31 -> * | AW27: =Q31 -> * | AX27: =R31 -> * | BA27: =T27 -> A is Confined by B | BB27: =CONCATENATE(V27,W27,X27,Y27,Z27,AA27,AB27,AC27,AD27) -> F***T**** | BC27: =CONCATENATE(AF27,AG27,AH27,AI27,AJ27,AK27,AL27,AM27,AN27) -> T*F***T** | BD27: =CONCATENATE(AP27,AQ27,AR27,AS27,AT27,AU27,AV27,AW27,AX27) -> *********
A28: ='Descision Matrix'!DK33 -> 0 | D28: I | E28: B | F28: E | G28: ='Descision Matrix'!BM32 -> 0 | J28: I | K28: B | L28: E | M28: ='Descision Matrix'!BS32 -> 0 | P28: I | Q28: B | R28: E
A29: ='Descision Matrix'!DK34 -> 0 | B29: A | C29: I | D29: ='Descision Matrix'!CC34 -> F | E29: ='Descision Matrix'!CD34 -> * | F29: ='Descision Matrix'!CE34 -> * | G29: ='Descision Matrix'!CF34 -> 0 | H29: A | I29: I | J29: ='Descision Matrix'!CI34 -> T | K29: ='Descision Matrix'!CJ34 -> * | L29: ='Descision Matrix'!CK34 -> F | M29: ='Descision Matrix'!CL34 -> 0 | N29: A | O29: I | P29: ='Descision Matrix'!CO34 -> * | Q29: ='Descision Matrix'!CP34 -> * | R29: ='Descision Matrix'!CQ34 -> *
A30: ='Descision Matrix'!DK35 -> 0 | B30: 0 | C30: B | D30: ='Descision Matrix'!CC35 -> * | E30: ='Descision Matrix'!CD35 -> T | F30: ='Descision Matrix'!CE35 -> * | G30: ='Descision Matrix'!CF35 -> 0 | H30: 0 | I30: B | J30: ='Descision Matrix'!CI35 -> * | K30: ='Descision Matrix'!CJ35 -> * | L30: ='Descision Matrix'!CK35 -> * | M30: ='Descision Matrix'!CL35 -> 0 | N30: 0 | O30: B | P30: ='Descision Matrix'!CO35 -> * | Q30: ='Descision Matrix'!CP35 -> * | R30: ='Descision Matrix'!CQ35 -> *
A31: ='Descision Matrix'!DK36 -> 0 | B31: 0 | C31: E | D31: ='Descision Matrix'!CC36 -> * | E31: ='Descision Matrix'!CD36 -> * | F31: ='Descision Matrix'!CE36 -> * | G31: ='Descision Matrix'!CF36 -> 0 | H31: 0 | I31: E | J31: ='Descision Matrix'!CI36 -> T | K31: ='Descision Matrix'!CJ36 -> * | L31: ='Descision Matrix'!CK36 -> * | M31: ='Descision Matrix'!CL36 -> 0 | N31: 0 | O31: E | P31: ='Descision Matrix'!CO36 -> * | Q31: ='Descision Matrix'!CP36 -> * | R31: ='Descision Matrix'!CQ36 -> *
A32: ='Descision Matrix'!BY38 -> A Borders B | D32: B | E32: 0 | F32: 0 | G32: ='Descision Matrix'!BM37 -> 0 | J32: B | K32: 0 | L32: 0 | M32: ='Descision Matrix'!BS37 -> 0 | P32: B | Q32: 0 | R32: 0 | T32: =A32 -> A Borders B | V32: =D34 -> F | W32: =E34 -> * | X32: =F34 -> * | Y32: =D35 -> * | Z32: =E35 -> T | AA32: =F35 -> * | AB32: =D36 -> * | AC32: =E36 -> * | AD32: =F36 -> * | AF32: =J34 -> F | AG32: =K34 -> * | AH32: =L34 -> T | AI32: =J35 -> * | AJ32: =K35 -> * | AK32: =L35 -> * | AL32: =J36 -> T | AM32: =K36 -> * | AN32: =L36 -> * | AP32: =P34 -> * | AQ32: =Q34 -> * | AR32: =R34 -> * | AS32: =P35 -> * | AT32: =Q35 -> * | AU32: =R35 -> * | AV32: =P36 -> * | AW32: =Q36 -> * | AX32: =R36 -> * | BA32: =T32 -> A Borders B | BB32: =CONCATENATE(V32,W32,X32,Y32,Z32,AA32,AB32,AC32,AD32) -> F***T**** | BC32: =CONCATENATE(AF32,AG32,AH32,AI32,AJ32,AK32,AL32,AM32,AN32) -> F*T***T** | BD32: =CONCATENATE(AP32,AQ32,AR32,AS32,AT32,AU32,AV32,AW32,AX32) -> *********
A33: ='Descision Matrix'!BY39 -> 0 | D33: I | E33: B | F33: E | G33: ='Descision Matrix'!BM38 -> 0 | J33: I | K33: B | L33: E | M33: ='Descision Matrix'!BS38 -> 0 | P33: I | Q33: B | R33: E
A34: ='Descision Matrix'!BY40 -> 0 | B34: A | C34: I | D34: ='Descision Matrix'!BJ40 -> F | E34: ='Descision Matrix'!BK40 -> * | F34: ='Descision Matrix'!BL40 -> * | G34: ='Descision Matrix'!BM40 -> 0 | H34: A | I34: I | J34: ='Descision Matrix'!BP40 -> F | K34: ='Descision Matrix'!BQ40 -> * | L34: ='Descision Matrix'!BR40 -> T | M34: ='Descision Matrix'!BS40 -> 0 | N34: A | O34: I | P34: ='Descision Matrix'!BV40 -> * | Q34: ='Descision Matrix'!BW40 -> * | R34: ='Descision Matrix'!BX40 -> *
A35: ='Descision Matrix'!BY41 -> 0 | B35: 0 | C35: B | D35: ='Descision Matrix'!BJ41 -> * | E35: ='Descision Matrix'!BK41 -> T | F35: ='Descision Matrix'!BL41 -> * | G35: ='Descision Matrix'!BM41 -> 0 | H35: 0 | I35: B | J35: ='Descision Matrix'!BP41 -> * | K35: ='Descision Matrix'!BQ41 -> * | L35: ='Descision Matrix'!BR41 -> * | M35: ='Descision Matrix'!BS41 -> 0 | N35: 0 | O35: B | P35: ='Descision Matrix'!BV41 -> * | Q35: ='Descision Matrix'!BW41 -> * | R35: ='Descision Matrix'!BX41 -> *
A36: ='Descision Matrix'!BY42 -> 0 | B36: 0 | C36: E | D36: ='Descision Matrix'!BJ42 -> * | E36: ='Descision Matrix'!BK42 -> * | F36: ='Descision Matrix'!BL42 -> * | G36: ='Descision Matrix'!BM42 -> 0 | H36: 0 | I36: E | J36: ='Descision Matrix'!BP42 -> T | K36: ='Descision Matrix'!BQ42 -> * | L36: ='Descision Matrix'!BR42 -> * | M36: ='Descision Matrix'!BS42 -> 0 | N36: 0 | O36: E | P36: ='Descision Matrix'!BV42 -> * | Q36: ='Descision Matrix'!BW42 -> * | R36: ='Descision Matrix'!BX42 -> *
A37: ='Descision Matrix'!BY44 -> A Contains B | D37: B | E37: 0 | F37: 0 | G37: ='Descision Matrix'!BM43 -> 0 | J37: B | K37: 0 | L37: 0 | M37: ='Descision Matrix'!BS43 -> 0 | P37: B | Q37: 0 | R37: 0 | T37: =A37 -> A Contains B | V37: =D39 -> T | W37: =E39 -> * | X37: =F39 -> T | Y37: =D40 -> * | Z37: =E40 -> F | AA37: =F40 -> * | AB37: =D41 -> F | AC37: =E41 -> * | AD37: =F41 -> * | AF37: =J39 -> * | AG37: =K39 -> * | AH37: =L39 -> * | AI37: =J40 -> * | AJ37: =K40 -> * | AK37: =L40 -> * | AL37: =J41 -> * | AM37: =K41 -> * | AN37: =L41 -> * | AP37: =P39 -> * | AQ37: =Q39 -> * | AR37: =R39 -> * | AS37: =P40 -> * | AT37: =Q40 -> * | AU37: =R40 -> * | AV37: =P41 -> * | AW37: =Q41 -> * | AX37: =R41 -> * | BA37: =T37 -> A Contains B | BB37: =CONCATENATE(V37,W37,X37,Y37,Z37,AA37,AB37,AC37,AD37) -> T*T*F*F** | BC37: =CONCATENATE(AF37,AG37,AH37,AI37,AJ37,AK37,AL37,AM37,AN37) -> ********* | BD37: =CONCATENATE(AP37,AQ37,AR37,AS37,AT37,AU37,AV37,AW37,AX37) -> *********
A38: ='Descision Matrix'!BY45 -> 0 | D38: I | E38: B | F38: E | G38: ='Descision Matrix'!BM44 -> 0 | J38: I | K38: B | L38: E | M38: ='Descision Matrix'!BS44 -> 0 | P38: I | Q38: B | R38: E
A39: ='Descision Matrix'!BY46 -> 0 | B39: A | C39: I | D39: ='Descision Matrix'!BJ46 -> T | E39: ='Descision Matrix'!BK46 -> * | F39: ='Descision Matrix'!BL46 -> T | G39: ='Descision Matrix'!BM46 -> 0 | H39: A | I39: I | J39: ='Descision Matrix'!BP46 -> * | K39: ='Descision Matrix'!BQ46 -> * | L39: ='Descision Matrix'!BR46 -> * | M39: ='Descision Matrix'!BS46 -> 0 | N39: A | O39: I | P39: ='Descision Matrix'!BV46 -> * | Q39: ='Descision Matrix'!BW46 -> * | R39: ='Descision Matrix'!BX46 -> *
A40: ='Descision Matrix'!BY47 -> 0 | B40: 0 | C40: B | D40: ='Descision Matrix'!BJ47 -> * | E40: ='Descision Matrix'!BK47 -> F | F40: ='Descision Matrix'!BL47 -> * | G40: ='Descision Matrix'!BM47 -> 0 | H40: 0 | I40: B | J40: ='Descision Matrix'!BP47 -> * | K40: ='Descision Matrix'!BQ47 -> * | L40: ='Descision Matrix'!BR47 -> * | M40: ='Descision Matrix'!BS47 -> 0 | N40: 0 | O40: B | P40: ='Descision Matrix'!BV47 -> * | Q40: ='Descision Matrix'!BW47 -> * | R40: ='Descision Matrix'!BX47 -> *
A41: ='Descision Matrix'!BY48 -> 0 | B41: 0 | C41: E | D41: ='Descision Matrix'!BJ48 -> F | E41: ='Descision Matrix'!BK48 -> * | F41: ='Descision Matrix'!BL48 -> * | G41: ='Descision Matrix'!BM48 -> 0 | H41: 0 | I41: E | J41: ='Descision Matrix'!BP48 -> * | K41: ='Descision Matrix'!BQ48 -> * | L41: ='Descision Matrix'!BR48 -> * | M41: ='Descision Matrix'!BS48 -> 0 | N41: 0 | O41: E | P41: ='Descision Matrix'!BV48 -> * | Q41: ='Descision Matrix'!BW48 -> * | R41: ='Descision Matrix'!BX48 -> *
A42: ='Descision Matrix'!BY50 -> A is Within B | D42: B | E42: 0 | F42: 0 | G42: ='Descision Matrix'!BM49 -> 0 | J42: B | K42: 0 | L42: 0 | M42: ='Descision Matrix'!BS49 -> 0 | P42: B | Q42: 0 | R42: 0 | T42: =A42 -> A is Within B | V42: =D44 -> T | W42: =E44 -> * | X42: =F44 -> F | Y42: =D45 -> * | Z42: =E45 -> F | AA42: =F45 -> * | AB42: =D46 -> T | AC42: =E46 -> * | AD42: =F46 -> * | AF42: =J44 -> * | AG42: =K44 -> * | AH42: =L44 -> * | AI42: =J45 -> * | AJ42: =K45 -> * | AK42: =L45 -> * | AL42: =J46 -> * | AM42: =K46 -> * | AN42: =L46 -> * | AP42: =P44 -> * | AQ42: =Q44 -> * | AR42: =R44 -> * | AS42: =P45 -> * | AT42: =Q45 -> * | AU42: =R45 -> * | AV42: =P46 -> * | AW42: =Q46 -> * | AX42: =R46 -> * | BA42: =T42 -> A is Within B | BB42: =CONCATENATE(V42,W42,X42,Y42,Z42,AA42,AB42,AC42,AD42) -> T*F*F*T** | BC42: =CONCATENATE(AF42,AG42,AH42,AI42,AJ42,AK42,AL42,AM42,AN42) -> ********* | BD42: =CONCATENATE(AP42,AQ42,AR42,AS42,AT42,AU42,AV42,AW42,AX42) -> *********
A43: ='Descision Matrix'!BY51 -> 0 | D43: I | E43: B | F43: E | G43: ='Descision Matrix'!BM50 -> 0 | J43: I | K43: B | L43: E | M43: ='Descision Matrix'!BS50 -> 0 | P43: I | Q43: B | R43: E
A44: ='Descision Matrix'!BY52 -> 0 | B44: A | C44: I | D44: ='Descision Matrix'!BJ52 -> T | E44: ='Descision Matrix'!BK52 -> * | F44: ='Descision Matrix'!BL52 -> F | G44: ='Descision Matrix'!BM52 -> 0 | H44: A | I44: I | J44: ='Descision Matrix'!BP52 -> * | K44: ='Descision Matrix'!BQ52 -> * | L44: ='Descision Matrix'!BR52 -> * | M44: ='Descision Matrix'!BS52 -> 0 | N44: A | O44: I | P44: ='Descision Matrix'!BV52 -> * | Q44: ='Descision Matrix'!BW52 -> * | R44: ='Descision Matrix'!BX52 -> *
A45: ='Descision Matrix'!BY53 -> 0 | B45: 0 | C45: B | D45: ='Descision Matrix'!BJ53 -> * | E45: ='Descision Matrix'!BK53 -> F | F45: ='Descision Matrix'!BL53 -> * | G45: ='Descision Matrix'!BM53 -> 0 | H45: 0 | I45: B | J45: ='Descision Matrix'!BP53 -> * | K45: ='Descision Matrix'!BQ53 -> * | L45: ='Descision Matrix'!BR53 -> * | M45: ='Descision Matrix'!BS53 -> 0 | N45: 0 | O45: B | P45: ='Descision Matrix'!BV53 -> * | Q45: ='Descision Matrix'!BW53 -> * | R45: ='Descision Matrix'!BX53 -> *
A46: ='Descision Matrix'!BY54 -> 0 | B46: 0 | C46: E | D46: ='Descision Matrix'!BJ54 -> T | E46: ='Descision Matrix'!BK54 -> * | F46: ='Descision Matrix'!BL54 -> * | G46: ='Descision Matrix'!BM54 -> 0 | H46: 0 | I46: E | J46: ='Descision Matrix'!BP54 -> * | K46: ='Descision Matrix'!BQ54 -> * | L46: ='Descision Matrix'!BR54 -> * | M46: ='Descision Matrix'!BS54 -> 0 | N46: 0 | O46: E | P46: ='Descision Matrix'!BV54 -> * | Q46: ='Descision Matrix'!BW54 -> * | R46: ='Descision Matrix'!BX54 -> *
A47: ='Descision Matrix'!DK56 -> A Surrounds B | D47: B | E47: 0 | F47: 0 | G47: ='Descision Matrix'!BM55 -> 0 | J47: B | K47: 0 | L47: 0 | M47: ='Descision Matrix'!BS55 -> 0 | P47: B | Q47: 0 | R47: 0 | T47: =A47 -> A Surrounds B | V47: =D49 -> F | W47: =E49 -> * | X47: =F49 -> * | Y47: =D50 -> * | Z47: =E50 -> F | AA47: =F50 -> * | AB47: =D51 -> * | AC47: =E51 -> * | AD47: =F51 -> * | AF47: =J49 -> T | AG47: =K49 -> * | AH47: =L49 -> T | AI47: =J50 -> * | AJ47: =K50 -> * | AK47: =L50 -> * | AL47: =J51 -> F | AM47: =K51 -> * | AN47: =L51 -> * | AP47: =P49 -> * | AQ47: =Q49 -> * | AR47: =R49 -> * | AS47: =P50 -> * | AT47: =Q50 -> * | AU47: =R50 -> * | AV47: =P51 -> * | AW47: =Q51 -> * | AX47: =R51 -> * | BA47: =T47 -> A Surrounds B | BB47: =CONCATENATE(V47,W47,X47,Y47,Z47,AA47,AB47,AC47,AD47) -> F***F**** | BC47: =CONCATENATE(AF47,AG47,AH47,AI47,AJ47,AK47,AL47,AM47,AN47) -> T*T***F** | BD47: =CONCATENATE(AP47,AQ47,AR47,AS47,AT47,AU47,AV47,AW47,AX47) -> *********
A48: ='Descision Matrix'!DK57 -> 0 | D48: I | E48: B | F48: E | G48: ='Descision Matrix'!BM56 -> 0 | J48: I | K48: B | L48: E | M48: ='Descision Matrix'!BS56 -> 0 | P48: I | Q48: B | R48: E
A49: ='Descision Matrix'!DK58 -> 0 | B49: A | C49: I | D49: ='Descision Matrix'!CC58 -> F | E49: ='Descision Matrix'!CD58 -> * | F49: ='Descision Matrix'!CE58 -> * | G49: ='Descision Matrix'!CF58 -> 0 | H49: A | I49: I | J49: ='Descision Matrix'!CI58 -> T | K49: ='Descision Matrix'!CJ58 -> * | L49: ='Descision Matrix'!CK58 -> T | M49: ='Descision Matrix'!CL58 -> 0 | N49: A | O49: I | P49: ='Descision Matrix'!CO58 -> * | Q49: ='Descision Matrix'!CP58 -> * | R49: ='Descision Matrix'!CQ58 -> *
A50: ='Descision Matrix'!DK59 -> 0 | B50: 0 | C50: B | D50: ='Descision Matrix'!CC59 -> * | E50: ='Descision Matrix'!CD59 -> F | F50: ='Descision Matrix'!CE59 -> * | G50: ='Descision Matrix'!CF59 -> 0 | H50: 0 | I50: B | J50: ='Descision Matrix'!CI59 -> * | K50: ='Descision Matrix'!CJ59 -> * | L50: ='Descision Matrix'!CK59 -> * | M50: ='Descision Matrix'!CL59 -> 0 | N50: 0 | O50: B | P50: ='Descision Matrix'!CO59 -> * | Q50: ='Descision Matrix'!CP59 -> * | R50: ='Descision Matrix'!CQ59 -> *
A51: ='Descision Matrix'!DK60 -> 0 | B51: 0 | C51: E | D51: ='Descision Matrix'!CC60 -> * | E51: ='Descision Matrix'!CD60 -> * | F51: ='Descision Matrix'!CE60 -> * | G51: ='Descision Matrix'!CF60 -> 0 | H51: 0 | I51: E | J51: ='Descision Matrix'!CI60 -> F | K51: ='Descision Matrix'!CJ60 -> * | L51: ='Descision Matrix'!CK60 -> * | M51: ='Descision Matrix'!CL60 -> 0 | N51: 0 | O51: E | P51: ='Descision Matrix'!CO60 -> * | Q51: ='Descision Matrix'!CP60 -> * | R51: ='Descision Matrix'!CQ60 -> *
A52: ='Descision Matrix'!DK62 -> A is Enclosed by B | D52: B | E52: 0 | F52: 0 | G52: ='Descision Matrix'!BM61 -> 0 | J52: B | K52: 0 | L52: 0 | M52: ='Descision Matrix'!BS61 -> 0 | P52: B | Q52: 0 | R52: 0 | T52: =A52 -> A is Enclosed by B | V52: =D54 -> F | W52: =E54 -> * | X52: =F54 -> * | Y52: =D55 -> * | Z52: =E55 -> F | AA52: =F55 -> * | AB52: =D56 -> * | AC52: =E56 -> * | AD52: =F56 -> * | AF52: =J54 -> T | AG52: =K54 -> * | AH52: =L54 -> F | AI52: =J55 -> * | AJ52: =K55 -> * | AK52: =L55 -> * | AL52: =J56 -> T | AM52: =K56 -> * | AN52: =L56 -> * | AP52: =P54 -> * | AQ52: =Q54 -> * | AR52: =R54 -> * | AS52: =P55 -> * | AT52: =Q55 -> * | AU52: =R55 -> * | AV52: =P56 -> * | AW52: =Q56 -> * | AX52: =R56 -> * | BA52: =T52 -> A is Enclosed by B | BB52: =CONCATENATE(V52,W52,X52,Y52,Z52,AA52,AB52,AC52,AD52) -> F***F**** | BC52: =CONCATENATE(AF52,AG52,AH52,AI52,AJ52,AK52,AL52,AM52,AN52) -> T*F***T** | BD52: =CONCATENATE(AP52,AQ52,AR52,AS52,AT52,AU52,AV52,AW52,AX52) -> *********
A53: ='Descision Matrix'!DK63 -> 0 | D53: I | E53: B | F53: E | G53: ='Descision Matrix'!BM62 -> 0 | J53: I | K53: B | L53: E | M53: ='Descision Matrix'!BS62 -> 0 | P53: I | Q53: B | R53: E
A54: ='Descision Matrix'!DK64 -> 0 | B54: A | C54: I | D54: ='Descision Matrix'!CC64 -> F | E54: ='Descision Matrix'!CD64 -> * | F54: ='Descision Matrix'!CE64 -> * | G54: ='Descision Matrix'!CF64 -> 0 | H54: A | I54: I | J54: ='Descision Matrix'!CI64 -> T | K54: ='Descision Matrix'!CJ64 -> * | L54: ='Descision Matrix'!CK64 -> F | M54: ='Descision Matrix'!CL64 -> 0 | N54: A | O54: I | P54: ='Descision Matrix'!CO64 -> * | Q54: ='Descision Matrix'!CP64 -> * | R54: ='Descision Matrix'!CQ64 -> *
A55: ='Descision Matrix'!DK65 -> 0 | B55: 0 | C55: B | D55: ='Descision Matrix'!CC65 -> * | E55: ='Descision Matrix'!CD65 -> F | F55: ='Descision Matrix'!CE65 -> * | G55: ='Descision Matrix'!CF65 -> 0 | H55: 0 | I55: B | J55: ='Descision Matrix'!CI65 -> * | K55: ='Descision Matrix'!CJ65 -> * | L55: ='Descision Matrix'!CK65 -> * | M55: ='Descision Matrix'!CL65 -> 0 | N55: 0 | O55: B | P55: ='Descision Matrix'!CO65 -> * | Q55: ='Descision Matrix'!CP65 -> * | R55: ='Descision Matrix'!CQ65 -> *
A56: ='Descision Matrix'!DK66 -> 0 | B56: 0 | C56: E | D56: ='Descision Matrix'!CC66 -> * | E56: ='Descision Matrix'!CD66 -> * | F56: ='Descision Matrix'!CE66 -> * | G56: ='Descision Matrix'!CF66 -> 0 | H56: 0 | I56: E | J56: ='Descision Matrix'!CI66 -> T | K56: ='Descision Matrix'!CJ66 -> * | L56: ='Descision Matrix'!CK66 -> * | M56: ='Descision Matrix'!CL66 -> 0 | N56: 0 | O56: E | P56: ='Descision Matrix'!CO66 -> * | Q56: ='Descision Matrix'!CP66 -> * | R56: ='Descision Matrix'!CQ66 -> *
A57: ='Descision Matrix'!DK68 -> A is Disjoint with B | D57: B | E57: 0 | F57: 0 | G57: ='Descision Matrix'!BM67 -> 0 | J57: B | K57: 0 | L57: 0 | M57: ='Descision Matrix'!BS67 -> 0 | P57: B | Q57: 0 | R57: 0 | T57: =A57 -> A is Disjoint with B | V57: =D59 -> F | W57: =E59 -> * | X57: =F59 -> * | Y57: =D60 -> * | Z57: =E60 -> F | AA57: =F60 -> * | AB57: =D61 -> * | AC57: =E61 -> * | AD57: =F61 -> * | AF57: =J59 -> * | AG57: =K59 -> * | AH57: =L59 -> T | AI57: =J60 -> * | AJ57: =K60 -> * | AK57: =L60 -> * | AL57: =J61 -> T | AM57: =K61 -> * | AN57: =L61 -> * | AP57: =P59 -> * | AQ57: =Q59 -> * | AR57: =R59 -> T | AS57: =P60 -> * | AT57: =Q60 -> * | AU57: =R60 -> * | AV57: =P61 -> T | AW57: =Q61 -> * | AX57: =R61 -> * | BA57: =T57 -> A is Disjoint with B | BB57: =CONCATENATE(V57,W57,X57,Y57,Z57,AA57,AB57,AC57,AD57) -> F***F**** | BC57: =CONCATENATE(AF57,AG57,AH57,AI57,AJ57,AK57,AL57,AM57,AN57) -> **T***T** | BD57: =CONCATENATE(AP57,AQ57,AR57,AS57,AT57,AU57,AV57,AW57,AX57) -> **T***T**
A58: ='Descision Matrix'!DK69 -> 0 | D58: I | E58: B | F58: E | G58: ='Descision Matrix'!BM68 -> 0 | J58: I | K58: B | L58: E | M58: ='Descision Matrix'!BS68 -> 0 | P58: I | Q58: B | R58: E
A59: ='Descision Matrix'!DK70 -> 0 | B59: A | C59: I | D59: ='Descision Matrix'!CC70 -> F | E59: ='Descision Matrix'!CD70 -> * | F59: ='Descision Matrix'!CE70 -> * | G59: ='Descision Matrix'!CF70 -> 0 | H59: A | I59: I | J59: ='Descision Matrix'!CI70 -> * | K59: ='Descision Matrix'!CJ70 -> * | L59: ='Descision Matrix'!CK70 -> T | M59: ='Descision Matrix'!CL70 -> 0 | N59: A | O59: I | P59: ='Descision Matrix'!CO70 -> * | Q59: ='Descision Matrix'!CP70 -> * | R59: ='Descision Matrix'!CQ70 -> T
A60: ='Descision Matrix'!DK71 -> 0 | B60: 0 | C60: B | D60: ='Descision Matrix'!CC71 -> * | E60: ='Descision Matrix'!CD71 -> F | F60: ='Descision Matrix'!CE71 -> * | G60: ='Descision Matrix'!CF71 -> 0 | H60: 0 | I60: B | J60: ='Descision Matrix'!CI71 -> * | K60: ='Descision Matrix'!CJ71 -> * | L60: ='Descision Matrix'!CK71 -> * | M60: ='Descision Matrix'!CL71 -> 0 | N60: 0 | O60: B | P60: ='Descision Matrix'!CO71 -> * | Q60: ='Descision Matrix'!CP71 -> * | R60: ='Descision Matrix'!CQ71 -> *
A61: ='Descision Matrix'!DK72 -> 0 | B61: 0 | C61: E | D61: ='Descision Matrix'!CC72 -> * | E61: ='Descision Matrix'!CD72 -> * | F61: ='Descision Matrix'!CE72 -> * | G61: ='Descision Matrix'!CF72 -> 0 | H61: 0 | I61: E | J61: ='Descision Matrix'!CI72 -> T | K61: ='Descision Matrix'!CJ72 -> * | L61: ='Descision Matrix'!CK72 -> * | M61: ='Descision Matrix'!CL72 -> 0 | N61: 0 | O61: E | P61: ='Descision Matrix'!CO72 -> T | Q61: ='Descision Matrix'!CP72 -> * | R61: ='Descision Matrix'!CQ72 -> *
A62: ='Descision Matrix'!DK74 -> A Shelters B | D62: B | E62: 0 | F62: 0 | G62: ='Descision Matrix'!BM73 -> 0 | J62: B | K62: 0 | L62: 0 | M62: ='Descision Matrix'!BS73 -> 0 | P62: B | Q62: 0 | R62: 0 | T62: =A62 -> A Shelters B | V62: =D64 -> F | W62: =E64 -> * | X62: =F64 -> T | Y62: =D65 -> * | Z62: =E65 -> F | AA62: =F65 -> * | AB62: =D66 -> T | AC62: =E66 -> * | AD62: =F66 -> * | AF62: =J64 -> F | AG62: =K64 -> * | AH62: =L64 -> * | AI62: =J65 -> * | AJ62: =K65 -> * | AK62: =L65 -> * | AL62: =J66 -> * | AM62: =K66 -> * | AN62: =L66 -> * | AP62: =P64 -> T | AQ62: =Q64 -> * | AR62: =R64 -> T | AS62: =P65 -> * | AT62: =Q65 -> * | AU62: =R65 -> * | AV62: =P66 -> F | AW62: =Q66 -> * | AX62: =R66 -> * | BA62: =T62 -> A Shelters B | BB62: =CONCATENATE(V62,W62,X62,Y62,Z62,AA62,AB62,AC62,AD62) -> F*T*F*T** | BC62: =CONCATENATE(AF62,AG62,AH62,AI62,AJ62,AK62,AL62,AM62,AN62) -> F******** | BD62: =CONCATENATE(AP62,AQ62,AR62,AS62,AT62,AU62,AV62,AW62,AX62) -> T*T***F**
A63: ='Descision Matrix'!DK75 -> 0 | D63: I | E63: B | F63: E | G63: ='Descision Matrix'!BM74 -> 0 | J63: I | K63: B | L63: E | M63: ='Descision Matrix'!BS74 -> 0 | P63: I | Q63: B | R63: E
A64: ='Descision Matrix'!DK76 -> 0 | B64: A | C64: I | D64: ='Descision Matrix'!CV76 -> F | E64: ='Descision Matrix'!CW76 -> * | F64: ='Descision Matrix'!CX76 -> T | G64: ='Descision Matrix'!CY76 -> 0 | H64: A | I64: I | J64: ='Descision Matrix'!DB76 -> F | K64: ='Descision Matrix'!DC76 -> * | L64: ='Descision Matrix'!DD76 -> * | M64: ='Descision Matrix'!DE76 -> 0 | N64: A | O64: I | P64: ='Descision Matrix'!DH76 -> T | Q64: ='Descision Matrix'!DI76 -> * | R64: ='Descision Matrix'!DJ76 -> T
A65: ='Descision Matrix'!DK77 -> 0 | B65: 0 | C65: B | D65: ='Descision Matrix'!CV77 -> * | E65: ='Descision Matrix'!CW77 -> F | F65: ='Descision Matrix'!CX77 -> * | G65: ='Descision Matrix'!CY77 -> 0 | H65: 0 | I65: B | J65: ='Descision Matrix'!DB77 -> * | K65: ='Descision Matrix'!DC77 -> * | L65: ='Descision Matrix'!DD77 -> * | M65: ='Descision Matrix'!DE77 -> 0 | N65: 0 | O65: B | P65: ='Descision Matrix'!DH77 -> * | Q65: ='Descision Matrix'!DI77 -> * | R65: ='Descision Matrix'!DJ77 -> *
A66: ='Descision Matrix'!DK78 -> 0 | B66: 0 | C66: E | D66: ='Descision Matrix'!CV78 -> T | E66: ='Descision Matrix'!CW78 -> * | F66: ='Descision Matrix'!CX78 -> * | G66: ='Descision Matrix'!CY78 -> 0 | H66: 0 | I66: E | J66: ='Descision Matrix'!DB78 -> * | K66: ='Descision Matrix'!DC78 -> * | L66: ='Descision Matrix'!DD78 -> * | M66: ='Descision Matrix'!DE78 -> 0 | N66: 0 | O66: E | P66: ='Descision Matrix'!DH78 -> F | Q66: ='Descision Matrix'!DI78 -> * | R66: ='Descision Matrix'!DJ78 -> *
A67: ='Descision Matrix'!DK80 -> A is Sheltered by B | D67: B | E67: 0 | F67: 0 | G67: ='Descision Matrix'!BM79 -> 0 | J67: B | K67: 0 | L67: 0 | M67: ='Descision Matrix'!BS79 -> 0 | P67: B | Q67: 0 | R67: 0 | T67: =A67 -> A is Sheltered by B | V67: =D69 -> F | W67: =E69 -> * | X67: =F69 -> T | Y67: =D70 -> * | Z67: =E70 -> F | AA67: =F70 -> * | AB67: =D71 -> T | AC67: =E71 -> * | AD67: =F71 -> * | AF67: =J69 -> F | AG67: =K69 -> * | AH67: =L69 -> * | AI67: =J70 -> * | AJ67: =K70 -> * | AK67: =L70 -> * | AL67: =J71 -> * | AM67: =K71 -> * | AN67: =L71 -> * | AP67: =P69 -> T | AQ67: =Q69 -> * | AR67: =R69 -> F | AS67: =P70 -> * | AT67: =Q70 -> * | AU67: =R70 -> * | AV67: =P71 -> T | AW67: =Q71 -> * | AX67: =R71 -> * | BA67: =T67 -> A is Sheltered by B | BB67: =CONCATENATE(V67,W67,X67,Y67,Z67,AA67,AB67,AC67,AD67) -> F*T*F*T** | BC67: =CONCATENATE(AF67,AG67,AH67,AI67,AJ67,AK67,AL67,AM67,AN67) -> F******** | BD67: =CONCATENATE(AP67,AQ67,AR67,AS67,AT67,AU67,AV67,AW67,AX67) -> T*F***T**
A68: ='Descision Matrix'!DK81 -> 0 | D68: I | E68: B | F68: E | G68: ='Descision Matrix'!BM80 -> 0 | J68: I | K68: B | L68: E | M68: ='Descision Matrix'!BS80 -> 0 | P68: I | Q68: B | R68: E
A69: ='Descision Matrix'!DK82 -> 0 | B69: A | C69: I | D69: ='Descision Matrix'!CV82 -> F | E69: ='Descision Matrix'!CW82 -> * | F69: ='Descision Matrix'!CX82 -> T | G69: ='Descision Matrix'!CY82 -> 0 | H69: A | I69: I | J69: ='Descision Matrix'!DB82 -> F | K69: ='Descision Matrix'!DC82 -> * | L69: ='Descision Matrix'!DD82 -> * | M69: ='Descision Matrix'!DE82 -> 0 | N69: A | O69: I | P69: ='Descision Matrix'!DH82 -> T | Q69: ='Descision Matrix'!DI82 -> * | R69: ='Descision Matrix'!DJ82 -> F
A70: ='Descision Matrix'!DK83 -> 0 | B70: 0 | C70: B | D70: ='Descision Matrix'!CV83 -> * | E70: ='Descision Matrix'!CW83 -> F | F70: ='Descision Matrix'!CX83 -> * | G70: ='Descision Matrix'!CY83 -> 0 | H70: 0 | I70: B | J70: ='Descision Matrix'!DB83 -> * | K70: ='Descision Matrix'!DC83 -> * | L70: ='Descision Matrix'!DD83 -> * | M70: ='Descision Matrix'!DE83 -> 0 | N70: 0 | O70: B | P70: ='Descision Matrix'!DH83 -> * | Q70: ='Descision Matrix'!DI83 -> * | R70: ='Descision Matrix'!DJ83 -> *
A71: ='Descision Matrix'!DK84 -> 0 | B71: 0 | C71: E | D71: ='Descision Matrix'!CV84 -> T | E71: ='Descision Matrix'!CW84 -> * | F71: ='Descision Matrix'!CX84 -> * | G71: ='Descision Matrix'!CY84 -> 0 | H71: 0 | I71: E | J71: ='Descision Matrix'!DB84 -> * | K71: ='Descision Matrix'!DC84 -> * | L71: ='Descision Matrix'!DD84 -> * | M71: ='Descision Matrix'!DE84 -> 0 | N71: 0 | O71: E | P71: ='Descision Matrix'!DH84 -> T | Q71: ='Descision Matrix'!DI84 -> * | R71: ='Descision Matrix'!DJ84 -> *

Sheet Inverted Relations
A1: Standard Matricies | T1: Complementary Matricies
B2: Region | H2: External | N2: Hull | U2: Region | AA2: External | AG2: Hull | AO2: Region Test | AY2: Exterior Test | BI2: Hull Test
A3: ='DE-9IM Matrixes'!A2 -> A Overlaps B | D3: B | J3: B | P3: B | T3: =SUBSTITUTE(SUBSTITUTE(SUBSTITUTE(SUBSTITUTE(A3,"A","x"),"B","A"),"x","B"),"Ao","Bo") -> B Overlaps A | W3: B | AC3: B | AI3: B | AM3: =A3 -> A Overlaps B | AO3: =D5 -> T | AP3: =E5 -> * | AQ3: =F5 -> T | AR3: =D6 -> * | AS3: =E6 -> * | AT3: =F6 -> * | AU3: =D7 -> T | AV3: =E7 -> * | AW3: =F7 -> * | AY3: =J5 -> * | AZ3: =K5 -> * | BA3: =L5 -> * | BB3: =J6 -> * | BC3: =K6 -> * | BD3: =L6 -> * | BE3: =J7 -> * | BF3: =K7 -> * | BG3: =L7 -> * | BI3: =P5 -> * | BJ3: =Q5 -> * | BK3: =R5 -> * | BL3: =P6 -> * | BM3: =Q6 -> * | BN3: =R6 -> * | BO3: =P7 -> * | BP3: =Q7 -> * | BQ3: =R7 -> *
D4: I | E4: B | F4: E | J4: I | K4: B | L4: E | P4: I | Q4: B | R4: E | W4: I | X4: B | Y4: E | AC4: I | AD4: B | AE4: E | AI4: I | AJ4: B | AK4: E | AM4: expected | AO4: =AO3 -> T | AP4: =IF(ISERROR(SEARCH("Not",$AM6)),AP3,AR3) -> * | AQ4: =IF(ISERROR(SEARCH("Not",$AM6)),AQ3,AU3) -> T | AR4: =IF(ISERROR(SEARCH("Not",$AM6)),AR3,AP3) -> * | AS4: =AS3 -> * | AT4: =IF(ISERROR(SEARCH("Not",$AM6)),AT3,AV3) -> * | AU4: =IF(ISERROR(SEARCH("Not",$AM6)),AU3,AQ3) -> T | AV4: =IF(ISERROR(SEARCH("Not",$AM6)),AV3,AT3) -> * | AW4: =AW3 -> * | AY4: =AY3 -> * | AZ4: =IF(ISERROR(SEARCH("Not",$AM6)),AZ3,BB3) -> * | BA4: =IF(ISERROR(SEARCH("Not",$AM6)),BA3,BE3) -> * | BB4: =IF(ISERROR(SEARCH("Not",$AM6)),BB3,AZ3) -> * | BC4: =BC3 -> * | BD4: =IF(ISERROR(SEARCH("Not",$AM6)),BD3,BF3) -> * | BE4: =IF(ISERROR(SEARCH("Not",$AM6)),BE3,BA3) -> * | BF4: =IF(ISERROR(SEARCH("Not",$AM6)),BF3,BD3) -> * | BG4: =BG3 -> * | BI4: =BI3 -> * | BJ4: =IF(ISERROR(SEARCH("Not",$AM6)),BJ3,BL3) -> * | BK4: =IF(ISERROR(SEARCH("Not",$AM6)),BK3,BO3) -> * | BL4: =IF(ISERROR(SEARCH("Not",$AM6)),BL3,BJ3) -> * | BM4: =BM3 -> * | BN4: =IF(ISERROR(SEARCH("Not",$AM6)),BN3,BP3) -> * | BO4: =IF(ISERROR(SEARCH("Not",$AM6)),BO3,BK3) -> * | BP4: =IF(ISERROR(SEARCH("Not",$AM6)),BP3,BN3) -> * | BQ4: =BQ3 -> *
B5: A | C5: I | D5: ='DE-9IM Matrixes'!D4 -> T | E5: ='DE-9IM Matrixes'!E4 -> * | F5: ='DE-9IM Matrixes'!F4 -> T | H5: A | I5: I | J5: ='DE-9IM Matrixes'!J4 -> * | K5: ='DE-9IM Matrixes'!K4 -> * | L5: ='DE-9IM Matrixes'!L4 -> * | N5: A | O5: I | P5: ='DE-9IM Matrixes'!P4 -> * | Q5: ='DE-9IM Matrixes'!Q4 -> * | R5: ='DE-9IM Matrixes'!R4 -> * | U5: A | V5: I | W5: =D5 -> T | X5: =D6 -> * | Y5: =D7 -> T | AA5: A | AB5: I | AC5: =J5 -> * | AD5: =J6 -> * | AE5: =J7 -> * | AG5: A | AH5: I | AI5: =P5 -> * | AJ5: =P6 -> * | AK5: =P7 -> * | AM5: =T3 -> B Overlaps A | AO5: =W5 -> T | AP5: =X5 -> * | AQ5: =Y5 -> T | AR5: =W6 -> * | AS5: =X6 -> * | AT5: =Y6 -> * | AU5: =W7 -> T | AV5: =X7 -> * | AW5: =Y7 -> * | AY5: =AC5 -> * | AZ5: =AD5 -> * | BA5: =AE5 -> * | BB5: =AC6 -> * | BC5: =AD6 -> * | BD5: =AE6 -> * | BE5: =AC7 -> * | BF5: =AD7 -> * | BG5: =AE7 -> * | BI5: =AI5 -> * | BJ5: =AJ5 -> * | BK5: =AK5 -> * | BL5: =AI6 -> * | BM5: =AJ6 -> * | BN5: =AK6 -> * | BO5: =AI7 -> * | BP5: =AJ7 -> * | BQ5: =AK7 -> *
C6: B | D6: ='DE-9IM Matrixes'!D5 -> * | E6: ='DE-9IM Matrixes'!E5 -> * | F6: ='DE-9IM Matrixes'!F5 -> * | I6: B | J6: ='DE-9IM Matrixes'!J5 -> * | K6: ='DE-9IM Matrixes'!K5 -> * | L6: ='DE-9IM Matrixes'!L5 -> * | O6: B | P6: ='DE-9IM Matrixes'!P5 -> * | Q6: ='DE-9IM Matrixes'!Q5 -> * | R6: ='DE-9IM Matrixes'!R5 -> * | V6: B | W6: =E5 -> * | X6: =E6 -> * | Y6: =E7 -> * | AB6: B | AC6: =K5 -> * | AD6: =K6 -> * | AE6: =K7 -> * | AH6: B | AI6: =Q5 -> * | AJ6: =Q6 -> * | AK6: =Q7 -> * | AM6: Symmetric | AO6: =IF(AO4=AO5,"","X") | AP6: =IF(AP4=AP5,"","X") | AQ6: =IF(AQ4=AQ5,"","X") | AR6: =IF(AR4=AR5,"","X") | AS6: =IF(AS4=AS5,"","X") | AT6: =IF(AT4=AT5,"","X") | AU6: =IF(AU4=AU5,"","X") | AV6: =IF(AV4=AV5,"","X") | ... BR6: =IF(BR4=BR5,"","X")
C7: E | D7: ='DE-9IM Matrixes'!D6 -> T | E7: ='DE-9IM Matrixes'!E6 -> * | F7: ='DE-9IM Matrixes'!F6 -> * | I7: E | J7: ='DE-9IM Matrixes'!J6 -> * | K7: ='DE-9IM Matrixes'!K6 -> * | L7: ='DE-9IM Matrixes'!L6 -> * | O7: E | P7: ='DE-9IM Matrixes'!P6 -> * | Q7: ='DE-9IM Matrixes'!Q6 -> * | R7: ='DE-9IM Matrixes'!R6 -> * | V7: E | W7: =F5 -> T | X7: =F6 -> * | Y7: =F7 -> * | AB7: E | AC7: =L5 -> * | AD7: =L6 -> * | AE7: =L7 -> * | AH7: E | AI7: =R5 -> * | AJ7: =R6 -> * | AK7: =R7 -> *
A8: ='DE-9IM Matrixes'!A7 -> A is Partitioned by B | D8: B | J8: B | P8: B | T8: =SUBSTITUTE(SUBSTITUTE(SUBSTITUTE(SUBSTITUTE(A8,"A","x"),"B","A"),"x","B"),"Ao","Bo") -> B is Partitioned by A | W8: B | AC8: B | AI8: B | AM8: =A8 -> A is Partitioned by B | AO8: =D10 -> T | AP8: =E10 -> * | AQ8: =F10 -> T | AR8: =D11 -> * | AS8: =E11 -> T | AT8: =F11 -> * | AU8: =D12 -> F | AV8: =E12 -> * | AW8: =F12 -> * | AY8: =J10 -> * | AZ8: =K10 -> * | BA8: =L10 -> * | BB8: =J11 -> * | BC8: =K11 -> * | BD8: =L11 -> * | BE8: =J12 -> * | BF8: =K12 -> * | BG8: =L12 -> * | BI8: =P10 -> * | BJ8: =Q10 -> * | BK8: =R10 -> * | BL8: =P11 -> * | BM8: =Q11 -> * | BN8: =R11 -> * | BO8: =P12 -> * | BP8: =Q12 -> * | BQ8: =R12 -> *
D9: I | E9: B | F9: E | J9: I | K9: B | L9: E | P9: I | Q9: B | R9: E | W9: I | X9: B | Y9: E | AC9: I | AD9: B | AE9: E | AI9: I | AJ9: B | AK9: E | AM9: expected | AO9: =AO8 -> T | AP9: =IF(ISERROR(SEARCH("Not",$AM11)),AP8,AR8) -> * | AQ9: =IF(ISERROR(SEARCH("Not",$AM11)),AQ8,AU8) -> F | AR9: =IF(ISERROR(SEARCH("Not",$AM11)),AR8,AP8) -> * | AS9: =AS8 -> T | AT9: =IF(ISERROR(SEARCH("Not",$AM11)),AT8,AV8) -> * | AU9: =IF(ISERROR(SEARCH("Not",$AM11)),AU8,AQ8) -> T | AV9: =IF(ISERROR(SEARCH("Not",$AM11)),AV8,AT8) -> * | AW9: =AW8 -> * | AY9: =AY8 -> * | AZ9: =IF(ISERROR(SEARCH("Not",$AM11)),AZ8,BB8) -> * | BA9: =IF(ISERROR(SEARCH("Not",$AM11)),BA8,BE8) -> * | BB9: =IF(ISERROR(SEARCH("Not",$AM11)),BB8,AZ8) -> * | BC9: =BC8 -> * | BD9: =IF(ISERROR(SEARCH("Not",$AM11)),BD8,BF8) -> * | BE9: =IF(ISERROR(SEARCH("Not",$AM11)),BE8,BA8) -> * | BF9: =IF(ISERROR(SEARCH("Not",$AM11)),BF8,BD8) -> * | BG9: =BG8 -> * | BI9: =BI8 -> * | BJ9: =IF(ISERROR(SEARCH("Not",$AM11)),BJ8,BL8) -> * | BK9: =IF(ISERROR(SEARCH("Not",$AM11)),BK8,BO8) -> * | BL9: =IF(ISERROR(SEARCH("Not",$AM11)),BL8,BJ8) -> * | BM9: =BM8 -> * | BN9: =IF(ISERROR(SEARCH("Not",$AM11)),BN8,BP8) -> * | BO9: =IF(ISERROR(SEARCH("Not",$AM11)),BO8,BK8) -> * | BP9: =IF(ISERROR(SEARCH("Not",$AM11)),BP8,BN8) -> * | BQ9: =BQ8 -> *
B10: A | C10: I | D10: ='DE-9IM Matrixes'!D9 -> T | E10: ='DE-9IM Matrixes'!E9 -> * | F10: ='DE-9IM Matrixes'!F9 -> T | H10: A | I10: I | J10: ='DE-9IM Matrixes'!J9 -> * | K10: ='DE-9IM Matrixes'!K9 -> * | L10: ='DE-9IM Matrixes'!L9 -> * | N10: A | O10: I | P10: ='DE-9IM Matrixes'!P9 -> * | Q10: ='DE-9IM Matrixes'!Q9 -> * | R10: ='DE-9IM Matrixes'!R9 -> * | U10: A | V10: I | W10: =D10 -> T | X10: =D11 -> * | Y10: =D12 -> F | AA10: A | AB10: I | AC10: =J10 -> * | AD10: =J11 -> * | AE10: =J12 -> * | AG10: A | AH10: I | AI10: =P10 -> * | AJ10: =P11 -> * | AK10: =P12 -> * | AM10: =T8 -> B is Partitioned by A | AO10: =W10 -> T | AP10: =X10 -> * | AQ10: =Y10 -> F | AR10: =W11 -> * | AS10: =X11 -> T | AT10: =Y11 -> * | AU10: =W12 -> T | AV10: =X12 -> * | AW10: =Y12 -> * | AY10: =AC10 -> * | AZ10: =AD10 -> * | BA10: =AE10 -> * | BB10: =AC11 -> * | BC10: =AD11 -> * | BD10: =AE11 -> * | BE10: =AC12 -> * | BF10: =AD12 -> * | BG10: =AE12 -> * | BI10: =AI10 -> * | BJ10: =AJ10 -> * | BK10: =AK10 -> * | BL10: =AI11 -> * | BM10: =AJ11 -> * | BN10: =AK11 -> * | BO10: =AI12 -> * | BP10: =AJ12 -> * | BQ10: =AK12 -> *
C11: B | D11: ='DE-9IM Matrixes'!D10 -> * | E11: ='DE-9IM Matrixes'!E10 -> T | F11: ='DE-9IM Matrixes'!F10 -> * | I11: B | J11: ='DE-9IM Matrixes'!J10 -> * | K11: ='DE-9IM Matrixes'!K10 -> * | L11: ='DE-9IM Matrixes'!L10 -> * | O11: B | P11: ='DE-9IM Matrixes'!P10 -> * | Q11: ='DE-9IM Matrixes'!Q10 -> * | R11: ='DE-9IM Matrixes'!R10 -> * | V11: B | W11: =E10 -> * | X11: =E11 -> T | Y11: =E12 -> * | AB11: B | AC11: =K10 -> * | AD11: =K11 -> * | AE11: =K12 -> * | AH11: B | AI11: =Q10 -> * | AJ11: =Q11 -> * | AK11: =Q12 -> * | AM11: Not Symmetric | AO11: =IF(AO9=AO10,"","X") | AP11: =IF(AP9=AP10,"","X") | AQ11: =IF(AQ9=AQ10,"","X") | AR11: =IF(AR9=AR10,"","X") | AS11: =IF(AS9=AS10,"","X") | AT11: =IF(AT9=AT10,"","X") | AU11: =IF(AU9=AU10,"","X") | AV11: =IF(AV9=AV10,"","X") | ... BR11: =IF(BR9=BR10,"","X")
C12: E | D12: ='DE-9IM Matrixes'!D11 -> F | E12: ='DE-9IM Matrixes'!E11 -> * | F12: ='DE-9IM Matrixes'!F11 -> * | I12: E | J12: ='DE-9IM Matrixes'!J11 -> * | K12: ='DE-9IM Matrixes'!K11 -> * | L12: ='DE-9IM Matrixes'!L11 -> * | O12: E | P12: ='DE-9IM Matrixes'!P11 -> * | Q12: ='DE-9IM Matrixes'!Q11 -> * | R12: ='DE-9IM Matrixes'!R11 -> * | V12: E | W12: =F10 -> T | X12: =F11 -> * | Y12: =F12 -> * | AB12: E | AC12: =L10 -> * | AD12: =L11 -> * | AE12: =L12 -> * | AH12: E | AI12: =R10 -> * | AJ12: =R11 -> * | AK12: =R12 -> *
A13: ='DE-9IM Matrixes'!A12 -> A Partitions B | D13: B | J13: B | P13: B | T13: =SUBSTITUTE(SUBSTITUTE(SUBSTITUTE(SUBSTITUTE(A13,"A","x"),"B","A"),"x","B"),"Ao","Bo") -> B Partitions A | W13: B | AC13: B | AI13: B | AM13: =A13 -> A Partitions B | AO13: =D15 -> T | AP13: =E15 -> * | AQ13: =F15 -> F | AR13: =D16 -> * | AS13: =E16 -> T | AT13: =F16 -> * | AU13: =D17 -> T | AV13: =E17 -> * | AW13: =F17 -> * | AY13: =J15 -> * | AZ13: =K15 -> * | BA13: =L15 -> * | BB13: =J16 -> * | BC13: =K16 -> * | BD13: =L16 -> * | BE13: =J17 -> * | BF13: =K17 -> * | BG13: =L17 -> * | BI13: =P15 -> * | BJ13: =Q15 -> * | BK13: =R15 -> * | BL13: =P16 -> * | BM13: =Q16 -> * | BN13: =R16 -> * | BO13: =P17 -> * | BP13: =Q17 -> * | BQ13: =R17 -> *
D14: I | E14: B | F14: E | J14: I | K14: B | L14: E | P14: I | Q14: B | R14: E | W14: I | X14: B | Y14: E | AC14: I | AD14: B | AE14: E | AI14: I | AJ14: B | AK14: E | AM14: expected | AO14: =AO13 -> T | AP14: =IF(ISERROR(SEARCH("Not",$AM16)),AP13,AR13) -> * | AQ14: =IF(ISERROR(SEARCH("Not",$AM16)),AQ13,AU13) -> T | AR14: =IF(ISERROR(SEARCH("Not",$AM16)),AR13,AP13) -> * | AS14: =AS13 -> T | AT14: =IF(ISERROR(SEARCH("Not",$AM16)),AT13,AV13) -> * | AU14: =IF(ISERROR(SEARCH("Not",$AM16)),AU13,AQ13) -> F | AV14: =IF(ISERROR(SEARCH("Not",$AM16)),AV13,AT13) -> * | AW14: =AW13 -> * | AY14: =AY13 -> * | AZ14: =IF(ISERROR(SEARCH("Not",$AM16)),AZ13,BB13) -> * | BA14: =IF(ISERROR(SEARCH("Not",$AM16)),BA13,BE13) -> * | BB14: =IF(ISERROR(SEARCH("Not",$AM16)),BB13,AZ13) -> * | BC14: =BC13 -> * | BD14: =IF(ISERROR(SEARCH("Not",$AM16)),BD13,BF13) -> * | BE14: =IF(ISERROR(SEARCH("Not",$AM16)),BE13,BA13) -> * | BF14: =IF(ISERROR(SEARCH("Not",$AM16)),BF13,BD13) -> * | BG14: =BG13 -> * | BI14: =BI13 -> * | BJ14: =IF(ISERROR(SEARCH("Not",$AM16)),BJ13,BL13) -> * | BK14: =IF(ISERROR(SEARCH("Not",$AM16)),BK13,BO13) -> * | BL14: =IF(ISERROR(SEARCH("Not",$AM16)),BL13,BJ13) -> * | BM14: =BM13 -> * | BN14: =IF(ISERROR(SEARCH("Not",$AM16)),BN13,BP13) -> * | BO14: =IF(ISERROR(SEARCH("Not",$AM16)),BO13,BK13) -> * | BP14: =IF(ISERROR(SEARCH("Not",$AM16)),BP13,BN13) -> * | BQ14: =BQ13 -> *
B15: A | C15: I | D15: ='DE-9IM Matrixes'!D14 -> T | E15: ='DE-9IM Matrixes'!E14 -> * | F15: ='DE-9IM Matrixes'!F14 -> F | H15: A | I15: I | J15: ='DE-9IM Matrixes'!J14 -> * | K15: ='DE-9IM Matrixes'!K14 -> * | L15: ='DE-9IM Matrixes'!L14 -> * | N15: A | O15: I | P15: ='DE-9IM Matrixes'!P14 -> * | Q15: ='DE-9IM Matrixes'!Q14 -> * | R15: ='DE-9IM Matrixes'!R14 -> * | U15: A | V15: I | W15: =D15 -> T | X15: =D16 -> * | Y15: =D17 -> T | AA15: A | AB15: I | AC15: =J15 -> * | AD15: =J16 -> * | AE15: =J17 -> * | AG15: A | AH15: I | AI15: =P15 -> * | AJ15: =P16 -> * | AK15: =P17 -> * | AM15: =T13 -> B Partitions A | AO15: =W15 -> T | AP15: =X15 -> * | AQ15: =Y15 -> T | AR15: =W16 -> * | AS15: =X16 -> T | AT15: =Y16 -> * | AU15: =W17 -> F | AV15: =X17 -> * | AW15: =Y17 -> * | AY15: =AC15 -> * | AZ15: =AD15 -> * | BA15: =AE15 -> * | BB15: =AC16 -> * | BC15: =AD16 -> * | BD15: =AE16 -> * | BE15: =AC17 -> * | BF15: =AD17 -> * | BG15: =AE17 -> * | BI15: =AI15 -> * | BJ15: =AJ15 -> * | BK15: =AK15 -> * | BL15: =AI16 -> * | BM15: =AJ16 -> * | BN15: =AK16 -> * | BO15: =AI17 -> * | BP15: =AJ17 -> * | BQ15: =AK17 -> *
C16: B | D16: ='DE-9IM Matrixes'!D15 -> * | E16: ='DE-9IM Matrixes'!E15 -> T | F16: ='DE-9IM Matrixes'!F15 -> * | I16: B | J16: ='DE-9IM Matrixes'!J15 -> * | K16: ='DE-9IM Matrixes'!K15 -> * | L16: ='DE-9IM Matrixes'!L15 -> * | O16: B | P16: ='DE-9IM Matrixes'!P15 -> * | Q16: ='DE-9IM Matrixes'!Q15 -> * | R16: ='DE-9IM Matrixes'!R15 -> * | V16: B | W16: =E15 -> * | X16: =E16 -> T | Y16: =E17 -> * | AB16: B | AC16: =K15 -> * | AD16: =K16 -> * | AE16: =K17 -> * | AH16: B | AI16: =Q15 -> * | AJ16: =Q16 -> * | AK16: =Q17 -> * | AM16: Not Symmetric | AO16: =IF(AO14=AO15,"","X") | AP16: =IF(AP14=AP15,"","X") | AQ16: =IF(AQ14=AQ15,"","X") | AR16: =IF(AR14=AR15,"","X") | AS16: =IF(AS14=AS15,"","X") | AT16: =IF(AT14=AT15,"","X") | AU16: =IF(AU14=AU15,"","X") | AV16: =IF(AV14=AV15,"","X") | ... BR16: =IF(BR14=BR15,"","X")
C17: E | D17: ='DE-9IM Matrixes'!D16 -> T | E17: ='DE-9IM Matrixes'!E16 -> * | F17: ='DE-9IM Matrixes'!F16 -> * | I17: E | J17: ='DE-9IM Matrixes'!J16 -> * | K17: ='DE-9IM Matrixes'!K16 -> * | L17: ='DE-9IM Matrixes'!L16 -> * | O17: E | P17: ='DE-9IM Matrixes'!P16 -> * | Q17: ='DE-9IM Matrixes'!Q16 -> * | R17: ='DE-9IM Matrixes'!R16 -> * | V17: E | W17: =F15 -> F | X17: =F16 -> * | Y17: =F17 -> * | AB17: E | AC17: =L15 -> * | AD17: =L16 -> * | AE17: =L17 -> * | AH17: E | AI17: =R15 -> * | AJ17: =R16 -> * | AK17: =R17 -> *
A18: ='DE-9IM Matrixes'!A17 -> A Equals B | D18: B | J18: B | P18: B | T18: =SUBSTITUTE(SUBSTITUTE(SUBSTITUTE(SUBSTITUTE(A18,"A","x"),"B","A"),"x","B"),"Ao","Bo") -> B Equals A | W18: B | AC18: B | AI18: B | AM18: =A18 -> A Equals B | AO18: =D20 -> T | AP18: =E20 -> * | AQ18: =F20 -> F | AR18: =D21 -> * | AS18: =E21 -> T | AT18: =F21 -> * | AU18: =D22 -> F | AV18: =E22 -> * | AW18: =F22 -> * | AY18: =J20 -> * | AZ18: =K20 -> * | BA18: =L20 -> * | BB18: =J21 -> * | BC18: =K21 -> * | BD18: =L21 -> * | BE18: =J22 -> * | BF18: =K22 -> * | BG18: =L22 -> * | BI18: =P20 -> * | BJ18: =Q20 -> * | BK18: =R20 -> * | BL18: =P21 -> * | BM18: =Q21 -> * | BN18: =R21 -> * | BO18: =P22 -> * | BP18: =Q22 -> * | BQ18: =R22 -> *
D19: I | E19: B | F19: E | J19: I | K19: B | L19: E | P19: I | Q19: B | R19: E | W19: I | X19: B | Y19: E | AC19: I | AD19: B | AE19: E | AI19: I | AJ19: B | AK19: E | AM19: expected | AO19: =AO18 -> T | AP19: =IF(ISERROR(SEARCH("Not",$AM21)),AP18,AR18) -> * | AQ19: =IF(ISERROR(SEARCH("Not",$AM21)),AQ18,AU18) -> F | AR19: =IF(ISERROR(SEARCH("Not",$AM21)),AR18,AP18) -> * | AS19: =AS18 -> T | AT19: =IF(ISERROR(SEARCH("Not",$AM21)),AT18,AV18) -> * | AU19: =IF(ISERROR(SEARCH("Not",$AM21)),AU18,AQ18) -> F | AV19: =IF(ISERROR(SEARCH("Not",$AM21)),AV18,AT18) -> * | AW19: =AW18 -> * | AY19: =AY18 -> * | AZ19: =IF(ISERROR(SEARCH("Not",$AM21)),AZ18,BB18) -> * | BA19: =IF(ISERROR(SEARCH("Not",$AM21)),BA18,BE18) -> * | BB19: =IF(ISERROR(SEARCH("Not",$AM21)),BB18,AZ18) -> * | BC19: =BC18 -> * | BD19: =IF(ISERROR(SEARCH("Not",$AM21)),BD18,BF18) -> * | BE19: =IF(ISERROR(SEARCH("Not",$AM21)),BE18,BA18) -> * | BF19: =IF(ISERROR(SEARCH("Not",$AM21)),BF18,BD18) -> * | BG19: =BG18 -> * | BI19: =BI18 -> * | BJ19: =IF(ISERROR(SEARCH("Not",$AM21)),BJ18,BL18) -> * | BK19: =IF(ISERROR(SEARCH("Not",$AM21)),BK18,BO18) -> * | BL19: =IF(ISERROR(SEARCH("Not",$AM21)),BL18,BJ18) -> * | BM19: =BM18 -> * | BN19: =IF(ISERROR(SEARCH("Not",$AM21)),BN18,BP18) -> * | BO19: =IF(ISERROR(SEARCH("Not",$AM21)),BO18,BK18) -> * | BP19: =IF(ISERROR(SEARCH("Not",$AM21)),BP18,BN18) -> * | BQ19: =BQ18 -> *
B20: A | C20: I | D20: ='DE-9IM Matrixes'!D19 -> T | E20: ='DE-9IM Matrixes'!E19 -> * | F20: ='DE-9IM Matrixes'!F19 -> F | H20: A | I20: I | J20: ='DE-9IM Matrixes'!J19 -> * | K20: ='DE-9IM Matrixes'!K19 -> * | L20: ='DE-9IM Matrixes'!L19 -> * | N20: A | O20: I | P20: ='DE-9IM Matrixes'!P19 -> * | Q20: ='DE-9IM Matrixes'!Q19 -> * | R20: ='DE-9IM Matrixes'!R19 -> * | U20: A | V20: I | W20: =D20 -> T | X20: =D21 -> * | Y20: =D22 -> F | AA20: A | AB20: I | AC20: =J20 -> * | AD20: =J21 -> * | AE20: =J22 -> * | AG20: A | AH20: I | AI20: =P20 -> * | AJ20: =P21 -> * | AK20: =P22 -> * | AM20: =T18 -> B Equals A | AO20: =W20 -> T | AP20: =X20 -> * | AQ20: =Y20 -> F | AR20: =W21 -> * | AS20: =X21 -> T | AT20: =Y21 -> * | AU20: =W22 -> F | AV20: =X22 -> * | AW20: =Y22 -> * | AY20: =AC20 -> * | AZ20: =AD20 -> * | BA20: =AE20 -> * | BB20: =AC21 -> * | BC20: =AD21 -> * | BD20: =AE21 -> * | BE20: =AC22 -> * | BF20: =AD22 -> * | BG20: =AE22 -> * | BI20: =AI20 -> * | BJ20: =AJ20 -> * | BK20: =AK20 -> * | BL20: =AI21 -> * | BM20: =AJ21 -> * | BN20: =AK21 -> * | BO20: =AI22 -> * | BP20: =AJ22 -> * | BQ20: =AK22 -> *
C21: B | D21: ='DE-9IM Matrixes'!D20 -> * | E21: ='DE-9IM Matrixes'!E20 -> T | F21: ='DE-9IM Matrixes'!F20 -> * | I21: B | J21: ='DE-9IM Matrixes'!J20 -> * | K21: ='DE-9IM Matrixes'!K20 -> * | L21: ='DE-9IM Matrixes'!L20 -> * | O21: B | P21: ='DE-9IM Matrixes'!P20 -> * | Q21: ='DE-9IM Matrixes'!Q20 -> * | R21: ='DE-9IM Matrixes'!R20 -> * | V21: B | W21: =E20 -> * | X21: =E21 -> T | Y21: =E22 -> * | AB21: B | AC21: =K20 -> * | AD21: =K21 -> * | AE21: =K22 -> * | AH21: B | AI21: =Q20 -> * | AJ21: =Q21 -> * | AK21: =Q22 -> * | AM21: Symmetric | AO21: =IF(AO19=AO20,"","X") | AP21: =IF(AP19=AP20,"","X") | AQ21: =IF(AQ19=AQ20,"","X") | AR21: =IF(AR19=AR20,"","X") | AS21: =IF(AS19=AS20,"","X") | AT21: =IF(AT19=AT20,"","X") | AU21: =IF(AU19=AU20,"","X") | AV21: =IF(AV19=AV20,"","X") | ... BR21: =IF(BR19=BR20,"","X")
C22: E | D22: ='DE-9IM Matrixes'!D21 -> F | E22: ='DE-9IM Matrixes'!E21 -> * | F22: ='DE-9IM Matrixes'!F21 -> * | I22: E | J22: ='DE-9IM Matrixes'!J21 -> * | K22: ='DE-9IM Matrixes'!K21 -> * | L22: ='DE-9IM Matrixes'!L21 -> * | O22: E | P22: ='DE-9IM Matrixes'!P21 -> * | Q22: ='DE-9IM Matrixes'!Q21 -> * | R22: ='DE-9IM Matrixes'!R21 -> * | V22: E | W22: =F20 -> F | X22: =F21 -> * | Y22: =F22 -> * | AB22: E | AC22: =L20 -> * | AD22: =L21 -> * | AE22: =L22 -> * | AH22: E | AI22: =R20 -> * | AJ22: =R21 -> * | AK22: =R22 -> *
A23: ='DE-9IM Matrixes'!A22 -> A Confines B | D23: B | J23: B | P23: B | T23: =SUBSTITUTE(SUBSTITUTE(SUBSTITUTE(SUBSTITUTE(A23,"A","x"),"B","A"),"x","B"),"Ao","Bo") -> B Confines A | W23: B | AC23: B | AI23: B | AM23: =A23 -> A Confines B | AO23: =D25 -> F | AP23: =E25 -> * | AQ23: =F25 -> * | AR23: =D26 -> * | AS23: =E26 -> T | AT23: =F26 -> * | AU23: =D27 -> * | AV23: =E27 -> * | AW23: =F27 -> * | AY23: =J25 -> T | AZ23: =K25 -> * | BA23: =L25 -> T | BB23: =J26 -> * | BC23: =K26 -> * | BD23: =L26 -> * | BE23: =J27 -> F | BF23: =K27 -> * | BG23: =L27 -> * | BI23: =P25 -> * | BJ23: =Q25 -> * | BK23: =R25 -> * | BL23: =P26 -> * | BM23: =Q26 -> * | BN23: =R26 -> * | BO23: =P27 -> * | BP23: =Q27 -> * | BQ23: =R27 -> *
D24: I | E24: B | F24: E | J24: I | K24: B | L24: E | P24: I | Q24: B | R24: E | W24: I | X24: B | Y24: E | AC24: I | AD24: B | AE24: E | AI24: I | AJ24: B | AK24: E | AM24: expected | AO24: =AO23 -> F | AP24: =IF(ISERROR(SEARCH("Not",$AM26)),AP23,AR23) -> * | AQ24: =IF(ISERROR(SEARCH("Not",$AM26)),AQ23,AU23) -> * | AR24: =IF(ISERROR(SEARCH("Not",$AM26)),AR23,AP23) -> * | AS24: =AS23 -> T | AT24: =IF(ISERROR(SEARCH("Not",$AM26)),AT23,AV23) -> * | AU24: =IF(ISERROR(SEARCH("Not",$AM26)),AU23,AQ23) -> * | AV24: =IF(ISERROR(SEARCH("Not",$AM26)),AV23,AT23) -> * | AW24: =AW23 -> * | AY24: =AY23 -> T | AZ24: =IF(ISERROR(SEARCH("Not",$AM26)),AZ23,BB23) -> * | BA24: =IF(ISERROR(SEARCH("Not",$AM26)),BA23,BE23) -> F | BB24: =IF(ISERROR(SEARCH("Not",$AM26)),BB23,AZ23) -> * | BC24: =BC23 -> * | BD24: =IF(ISERROR(SEARCH("Not",$AM26)),BD23,BF23) -> * | BE24: =IF(ISERROR(SEARCH("Not",$AM26)),BE23,BA23) -> T | BF24: =IF(ISERROR(SEARCH("Not",$AM26)),BF23,BD23) -> * | BG24: =BG23 -> * | BI24: =BI23 -> * | BJ24: =IF(ISERROR(SEARCH("Not",$AM26)),BJ23,BL23) -> * | BK24: =IF(ISERROR(SEARCH("Not",$AM26)),BK23,BO23) -> * | BL24: =IF(ISERROR(SEARCH("Not",$AM26)),BL23,BJ23) -> * | BM24: =BM23 -> * | BN24: =IF(ISERROR(SEARCH("Not",$AM26)),BN23,BP23) -> * | BO24: =IF(ISERROR(SEARCH("Not",$AM26)),BO23,BK23) -> * | BP24: =IF(ISERROR(SEARCH("Not",$AM26)),BP23,BN23) -> * | BQ24: =BQ23 -> *
B25: A | C25: I | D25: ='DE-9IM Matrixes'!D24 -> F | E25: ='DE-9IM Matrixes'!E24 -> * | F25: ='DE-9IM Matrixes'!F24 -> * | H25: A | I25: I | J25: ='DE-9IM Matrixes'!J24 -> T | K25: ='DE-9IM Matrixes'!K24 -> * | L25: ='DE-9IM Matrixes'!L24 -> T | N25: A | O25: I | P25: ='DE-9IM Matrixes'!P24 -> * | Q25: ='DE-9IM Matrixes'!Q24 -> * | R25: ='DE-9IM Matrixes'!R24 -> * | U25: A | V25: I | W25: =D25 -> F | X25: =D26 -> * | Y25: =D27 -> * | AA25: A | AB25: I | AC25: =J25 -> T | AD25: =J26 -> * | AE25: =J27 -> F | AG25: A | AH25: I | AI25: =P25 -> * | AJ25: =P26 -> * | AK25: =P27 -> * | AM25: =T23 -> B Confines A | AO25: =W25 -> F | AP25: =X25 -> * | AQ25: =Y25 -> * | AR25: =W26 -> * | AS25: =X26 -> T | AT25: =Y26 -> * | AU25: =W27 -> * | AV25: =X27 -> * | AW25: =Y27 -> * | AY25: =AC25 -> T | AZ25: =AD25 -> * | BA25: =AE25 -> F | BB25: =AC26 -> * | BC25: =AD26 -> * | BD25: =AE26 -> * | BE25: =AC27 -> T | BF25: =AD27 -> * | BG25: =AE27 -> * | BI25: =AI25 -> * | BJ25: =AJ25 -> * | BK25: =AK25 -> * | BL25: =AI26 -> * | BM25: =AJ26 -> * | BN25: =AK26 -> * | BO25: =AI27 -> * | BP25: =AJ27 -> * | BQ25: =AK27 -> *
C26: B | D26: ='DE-9IM Matrixes'!D25 -> * | E26: ='DE-9IM Matrixes'!E25 -> T | F26: ='DE-9IM Matrixes'!F25 -> * | I26: B | J26: ='DE-9IM Matrixes'!J25 -> * | K26: ='DE-9IM Matrixes'!K25 -> * | L26: ='DE-9IM Matrixes'!L25 -> * | O26: B | P26: ='DE-9IM Matrixes'!P25 -> * | Q26: ='DE-9IM Matrixes'!Q25 -> * | R26: ='DE-9IM Matrixes'!R25 -> * | V26: B | W26: =E25 -> * | X26: =E26 -> T | Y26: =E27 -> * | AB26: B | AC26: =K25 -> * | AD26: =K26 -> * | AE26: =K27 -> * | AH26: B | AI26: =Q25 -> * | AJ26: =Q26 -> * | AK26: =Q27 -> * | AM26: Not Symmetric | AO26: =IF(AO24=AO25,"","X") | AP26: =IF(AP24=AP25,"","X") | AQ26: =IF(AQ24=AQ25,"","X") | AR26: =IF(AR24=AR25,"","X") | AS26: =IF(AS24=AS25,"","X") | AT26: =IF(AT24=AT25,"","X") | AU26: =IF(AU24=AU25,"","X") | AV26: =IF(AV24=AV25,"","X") | ... BR26: =IF(BR24=BR25,"","X")
C27: E | D27: ='DE-9IM Matrixes'!D26 -> * | E27: ='DE-9IM Matrixes'!E26 -> * | F27: ='DE-9IM Matrixes'!F26 -> * | I27: E | J27: ='DE-9IM Matrixes'!J26 -> F | K27: ='DE-9IM Matrixes'!K26 -> * | L27: ='DE-9IM Matrixes'!L26 -> * | O27: E | P27: ='DE-9IM Matrixes'!P26 -> * | Q27: ='DE-9IM Matrixes'!Q26 -> * | R27: ='DE-9IM Matrixes'!R26 -> * | V27: E | W27: =F25 -> * | X27: =F26 -> * | Y27: =F27 -> * | AB27: E | AC27: =L25 -> T | AD27: =L26 -> * | AE27: =L27 -> * | AH27: E | AI27: =R25 -> * | AJ27: =R26 -> * | AK27: =R27 -> *
A28: ='DE-9IM Matrixes'!A27 -> A is Confined by B | D28: B | J28: B | P28: B | T28: =SUBSTITUTE(SUBSTITUTE(SUBSTITUTE(SUBSTITUTE(A28,"A","x"),"B","A"),"x","B"),"Ao","Bo") -> B is Confined by A | W28: B | AC28: B | AI28: B | AM28: =A28 -> A is Confined by B | AO28: =D30 -> F | AP28: =E30 -> * | AQ28: =F30 -> * | AR28: =D31 -> * | AS28: =E31 -> T | AT28: =F31 -> * | AU28: =D32 -> * | AV28: =E32 -> * | AW28: =F32 -> * | AY28: =J30 -> T | AZ28: =K30 -> * | BA28: =L30 -> F | BB28: =J31 -> * | BC28: =K31 -> * | BD28: =L31 -> * | BE28: =J32 -> T | BF28: =K32 -> * | BG28: =L32 -> * | BI28: =P30 -> * | BJ28: =Q30 -> * | BK28: =R30 -> * | BL28: =P31 -> * | BM28: =Q31 -> * | BN28: =R31 -> * | BO28: =P32 -> * | BP28: =Q32 -> * | BQ28: =R32 -> *
D29: I | E29: B | F29: E | J29: I | K29: B | L29: E | P29: I | Q29: B | R29: E | W29: I | X29: B | Y29: E | AC29: I | AD29: B | AE29: E | AI29: I | AJ29: B | AK29: E | AM29: expected | AO29: =AO28 -> F | AP29: =IF(ISERROR(SEARCH("Not",$AM31)),AP28,AR28) -> * | AQ29: =IF(ISERROR(SEARCH("Not",$AM31)),AQ28,AU28) -> * | AR29: =IF(ISERROR(SEARCH("Not",$AM31)),AR28,AP28) -> * | AS29: =AS28 -> T | AT29: =IF(ISERROR(SEARCH("Not",$AM31)),AT28,AV28) -> * | AU29: =IF(ISERROR(SEARCH("Not",$AM31)),AU28,AQ28) -> * | AV29: =IF(ISERROR(SEARCH("Not",$AM31)),AV28,AT28) -> * | AW29: =AW28 -> * | AY29: =AY28 -> T | AZ29: =IF(ISERROR(SEARCH("Not",$AM31)),AZ28,BB28) -> * | BA29: =IF(ISERROR(SEARCH("Not",$AM31)),BA28,BE28) -> T | BB29: =IF(ISERROR(SEARCH("Not",$AM31)),BB28,AZ28) -> * | BC29: =BC28 -> * | BD29: =IF(ISERROR(SEARCH("Not",$AM31)),BD28,BF28) -> * | BE29: =IF(ISERROR(SEARCH("Not",$AM31)),BE28,BA28) -> F | BF29: =IF(ISERROR(SEARCH("Not",$AM31)),BF28,BD28) -> * | BG29: =BG28 -> * | BI29: =BI28 -> * | BJ29: =IF(ISERROR(SEARCH("Not",$AM31)),BJ28,BL28) -> * | BK29: =IF(ISERROR(SEARCH("Not",$AM31)),BK28,BO28) -> * | BL29: =IF(ISERROR(SEARCH("Not",$AM31)),BL28,BJ28) -> * | BM29: =BM28 -> * | BN29: =IF(ISERROR(SEARCH("Not",$AM31)),BN28,BP28) -> * | BO29: =IF(ISERROR(SEARCH("Not",$AM31)),BO28,BK28) -> * | BP29: =IF(ISERROR(SEARCH("Not",$AM31)),BP28,BN28) -> * | BQ29: =BQ28 -> *
B30: A | C30: I | D30: ='DE-9IM Matrixes'!D29 -> F | E30: ='DE-9IM Matrixes'!E29 -> * | F30: ='DE-9IM Matrixes'!F29 -> * | H30: A | I30: I | J30: ='DE-9IM Matrixes'!J29 -> T | K30: ='DE-9IM Matrixes'!K29 -> * | L30: ='DE-9IM Matrixes'!L29 -> F | N30: A | O30: I | P30: ='DE-9IM Matrixes'!P29 -> * | Q30: ='DE-9IM Matrixes'!Q29 -> * | R30: ='DE-9IM Matrixes'!R29 -> * | U30: A | V30: I | W30: =D30 -> F | X30: =D31 -> * | Y30: =D32 -> * | AA30: A | AB30: I | AC30: =J30 -> T | AD30: =J31 -> * | AE30: =J32 -> T | AG30: A | AH30: I | AI30: =P30 -> * | AJ30: =P31 -> * | AK30: =P32 -> * | AM30: =T28 -> B is Confined by A | AO30: =W30 -> F | AP30: =X30 -> * | AQ30: =Y30 -> * | AR30: =W31 -> * | AS30: =X31 -> T | AT30: =Y31 -> * | AU30: =W32 -> * | AV30: =X32 -> * | AW30: =Y32 -> * | AY30: =AC30 -> T | AZ30: =AD30 -> * | BA30: =AE30 -> T | BB30: =AC31 -> * | BC30: =AD31 -> * | BD30: =AE31 -> * | BE30: =AC32 -> F | BF30: =AD32 -> * | BG30: =AE32 -> * | BI30: =AI30 -> * | BJ30: =AJ30 -> * | BK30: =AK30 -> * | BL30: =AI31 -> * | BM30: =AJ31 -> * | BN30: =AK31 -> * | BO30: =AI32 -> * | BP30: =AJ32 -> * | BQ30: =AK32 -> *
C31: B | D31: ='DE-9IM Matrixes'!D30 -> * | E31: ='DE-9IM Matrixes'!E30 -> T | F31: ='DE-9IM Matrixes'!F30 -> * | I31: B | J31: ='DE-9IM Matrixes'!J30 -> * | K31: ='DE-9IM Matrixes'!K30 -> * | L31: ='DE-9IM Matrixes'!L30 -> * | O31: B | P31: ='DE-9IM Matrixes'!P30 -> * | Q31: ='DE-9IM Matrixes'!Q30 -> * | R31: ='DE-9IM Matrixes'!R30 -> * | V31: B | W31: =E30 -> * | X31: =E31 -> T | Y31: =E32 -> * | AB31: B | AC31: =K30 -> * | AD31: =K31 -> * | AE31: =K32 -> * | AH31: B | AI31: =Q30 -> * | AJ31: =Q31 -> * | AK31: =Q32 -> * | AM31: Not Symmetric | AO31: =IF(AO29=AO30,"","X") | AP31: =IF(AP29=AP30,"","X") | AQ31: =IF(AQ29=AQ30,"","X") | AR31: =IF(AR29=AR30,"","X") | AS31: =IF(AS29=AS30,"","X") | AT31: =IF(AT29=AT30,"","X") | AU31: =IF(AU29=AU30,"","X") | AV31: =IF(AV29=AV30,"","X") | ... BR31: =IF(BR29=BR30,"","X")
C32: E | D32: ='DE-9IM Matrixes'!D31 -> * | E32: ='DE-9IM Matrixes'!E31 -> * | F32: ='DE-9IM Matrixes'!F31 -> * | I32: E | J32: ='DE-9IM Matrixes'!J31 -> T | K32: ='DE-9IM Matrixes'!K31 -> * | L32: ='DE-9IM Matrixes'!L31 -> * | O32: E | P32: ='DE-9IM Matrixes'!P31 -> * | Q32: ='DE-9IM Matrixes'!Q31 -> * | R32: ='DE-9IM Matrixes'!R31 -> * | V32: E | W32: =F30 -> * | X32: =F31 -> * | Y32: =F32 -> * | AB32: E | AC32: =L30 -> F | AD32: =L31 -> * | AE32: =L32 -> * | AH32: E | AI32: =R30 -> * | AJ32: =R31 -> * | AK32: =R32 -> *
A33: ='DE-9IM Matrixes'!A32 -> A Borders B | D33: B | J33: B | P33: B | T33: =SUBSTITUTE(SUBSTITUTE(SUBSTITUTE(SUBSTITUTE(A33,"A","x"),"B","A"),"x","B"),"Ao","Bo") -> B Borders A | W33: B | AC33: B | AI33: B | AM33: =A33 -> A Borders B | AO33: =D35 -> F | AP33: =E35 -> * | AQ33: =F35 -> * | AR33: =D36 -> * | AS33: =E36 -> T | AT33: =F36 -> * | AU33: =D37 -> * | AV33: =E37 -> * | AW33: =F37 -> * | AY33: =J35 -> F | AZ33: =K35 -> * | BA33: =L35 -> T | BB33: =J36 -> * | BC33: =K36 -> * | BD33: =L36 -> * | BE33: =J37 -> T | BF33: =K37 -> * | BG33: =L37 -> * | BI33: =P35 -> * | BJ33: =Q35 -> * | BK33: =R35 -> * | BL33: =P36 -> * | BM33: =Q36 -> * | BN33: =R36 -> * | BO33: =P37 -> * | BP33: =Q37 -> * | BQ33: =R37 -> *
D34: I | E34: B | F34: E | J34: I | K34: B | L34: E | P34: I | Q34: B | R34: E | W34: I | X34: B | Y34: E | AC34: I | AD34: B | AE34: E | AI34: I | AJ34: B | AK34: E | AM34: expected | AO34: =AO33 -> F | AP34: =IF(ISERROR(SEARCH("Not",$AM36)),AP33,AR33) -> * | AQ34: =IF(ISERROR(SEARCH("Not",$AM36)),AQ33,AU33) -> * | AR34: =IF(ISERROR(SEARCH("Not",$AM36)),AR33,AP33) -> * | AS34: =AS33 -> T | AT34: =IF(ISERROR(SEARCH("Not",$AM36)),AT33,AV33) -> * | AU34: =IF(ISERROR(SEARCH("Not",$AM36)),AU33,AQ33) -> * | AV34: =IF(ISERROR(SEARCH("Not",$AM36)),AV33,AT33) -> * | AW34: =AW33 -> * | AY34: =AY33 -> F | AZ34: =IF(ISERROR(SEARCH("Not",$AM36)),AZ33,BB33) -> * | BA34: =IF(ISERROR(SEARCH("Not",$AM36)),BA33,BE33) -> T | BB34: =IF(ISERROR(SEARCH("Not",$AM36)),BB33,AZ33) -> * | BC34: =BC33 -> * | BD34: =IF(ISERROR(SEARCH("Not",$AM36)),BD33,BF33) -> * | BE34: =IF(ISERROR(SEARCH("Not",$AM36)),BE33,BA33) -> T | BF34: =IF(ISERROR(SEARCH("Not",$AM36)),BF33,BD33) -> * | BG34: =BG33 -> * | BI34: =BI33 -> * | BJ34: =IF(ISERROR(SEARCH("Not",$AM36)),BJ33,BL33) -> * | BK34: =IF(ISERROR(SEARCH("Not",$AM36)),BK33,BO33) -> * | BL34: =IF(ISERROR(SEARCH("Not",$AM36)),BL33,BJ33) -> * | BM34: =BM33 -> * | BN34: =IF(ISERROR(SEARCH("Not",$AM36)),BN33,BP33) -> * | BO34: =IF(ISERROR(SEARCH("Not",$AM36)),BO33,BK33) -> * | BP34: =IF(ISERROR(SEARCH("Not",$AM36)),BP33,BN33) -> * | BQ34: =BQ33 -> *
B35: A | C35: I | D35: ='DE-9IM Matrixes'!D34 -> F | E35: ='DE-9IM Matrixes'!E34 -> * | F35: ='DE-9IM Matrixes'!F34 -> * | H35: A | I35: I | J35: ='DE-9IM Matrixes'!J34 -> F | K35: ='DE-9IM Matrixes'!K34 -> * | L35: ='DE-9IM Matrixes'!L34 -> T | N35: A | O35: I | P35: ='DE-9IM Matrixes'!P34 -> * | Q35: ='DE-9IM Matrixes'!Q34 -> * | R35: ='DE-9IM Matrixes'!R34 -> * | U35: A | V35: I | W35: =D35 -> F | X35: =D36 -> * | Y35: =D37 -> * | AA35: A | AB35: I | AC35: =J35 -> F | AD35: =J36 -> * | AE35: =J37 -> T | AG35: A | AH35: I | AI35: =P35 -> * | AJ35: =P36 -> * | AK35: =P37 -> * | AM35: =T33 -> B Borders A | AO35: =W35 -> F | AP35: =X35 -> * | AQ35: =Y35 -> * | AR35: =W36 -> * | AS35: =X36 -> T | AT35: =Y36 -> * | AU35: =W37 -> * | AV35: =X37 -> * | AW35: =Y37 -> * | AY35: =AC35 -> F | AZ35: =AD35 -> * | BA35: =AE35 -> T | BB35: =AC36 -> * | BC35: =AD36 -> * | BD35: =AE36 -> * | BE35: =AC37 -> T | BF35: =AD37 -> * | BG35: =AE37 -> * | BI35: =AI35 -> * | BJ35: =AJ35 -> * | BK35: =AK35 -> * | BL35: =AI36 -> * | BM35: =AJ36 -> * | BN35: =AK36 -> * | BO35: =AI37 -> * | BP35: =AJ37 -> * | BQ35: =AK37 -> *
C36: B | D36: ='DE-9IM Matrixes'!D35 -> * | E36: ='DE-9IM Matrixes'!E35 -> T | F36: ='DE-9IM Matrixes'!F35 -> * | I36: B | J36: ='DE-9IM Matrixes'!J35 -> * | K36: ='DE-9IM Matrixes'!K35 -> * | L36: ='DE-9IM Matrixes'!L35 -> * | O36: B | P36: ='DE-9IM Matrixes'!P35 -> * | Q36: ='DE-9IM Matrixes'!Q35 -> * | R36: ='DE-9IM Matrixes'!R35 -> * | V36: B | W36: =E35 -> * | X36: =E36 -> T | Y36: =E37 -> * | AB36: B | AC36: =K35 -> * | AD36: =K36 -> * | AE36: =K37 -> * | AH36: B | AI36: =Q35 -> * | AJ36: =Q36 -> * | AK36: =Q37 -> * | AM36: Symmetric | AO36: =IF(AO34=AO35,"","X") | AP36: =IF(AP34=AP35,"","X") | AQ36: =IF(AQ34=AQ35,"","X") | AR36: =IF(AR34=AR35,"","X") | AS36: =IF(AS34=AS35,"","X") | AT36: =IF(AT34=AT35,"","X") | AU36: =IF(AU34=AU35,"","X") | AV36: =IF(AV34=AV35,"","X") | ... BR36: =IF(BR34=BR35,"","X")
C37: E | D37: ='DE-9IM Matrixes'!D36 -> * | E37: ='DE-9IM Matrixes'!E36 -> * | F37: ='DE-9IM Matrixes'!F36 -> * | I37: E | J37: ='DE-9IM Matrixes'!J36 -> T | K37: ='DE-9IM Matrixes'!K36 -> * | L37: ='DE-9IM Matrixes'!L36 -> * | O37: E | P37: ='DE-9IM Matrixes'!P36 -> * | Q37: ='DE-9IM Matrixes'!Q36 -> * | R37: ='DE-9IM Matrixes'!R36 -> * | V37: E | W37: =F35 -> * | X37: =F36 -> * | Y37: =F37 -> * | AB37: E | AC37: =L35 -> T | AD37: =L36 -> * | AE37: =L37 -> * | AH37: E | AI37: =R35 -> * | AJ37: =R36 -> * | AK37: =R37 -> *
A38: ='DE-9IM Matrixes'!A37 -> A Contains B | D38: B | J38: B | P38: B | T38: =SUBSTITUTE(SUBSTITUTE(SUBSTITUTE(SUBSTITUTE(A38,"A","x"),"B","A"),"x","B"),"Ao","Bo") -> B Contains A | W38: B | AC38: B | AI38: B | AM38: =A38 -> A Contains B | AO38: =D40 -> T | AP38: =E40 -> * | AQ38: =F40 -> T | AR38: =D41 -> * | AS38: =E41 -> F | AT38: =F41 -> * | AU38: =D42 -> F | AV38: =E42 -> * | AW38: =F42 -> * | AY38: =J40 -> * | AZ38: =K40 -> * | BA38: =L40 -> * | BB38: =J41 -> * | BC38: =K41 -> * | BD38: =L41 -> * | BE38: =J42 -> * | BF38: =K42 -> * | BG38: =L42 -> * | BI38: =P40 -> * | BJ38: =Q40 -> * | BK38: =R40 -> * | BL38: =P41 -> * | BM38: =Q41 -> * | BN38: =R41 -> * | BO38: =P42 -> * | BP38: =Q42 -> * | BQ38: =R42 -> *
D39: I | E39: B | F39: E | J39: I | K39: B | L39: E | P39: I | Q39: B | R39: E | W39: I | X39: B | Y39: E | AC39: I | AD39: B | AE39: E | AI39: I | AJ39: B | AK39: E | AM39: expected | AO39: =AO38 -> T | AP39: =IF(ISERROR(SEARCH("Not",$AM41)),AP38,AR38) -> * | AQ39: =IF(ISERROR(SEARCH("Not",$AM41)),AQ38,AU38) -> F | AR39: =IF(ISERROR(SEARCH("Not",$AM41)),AR38,AP38) -> * | AS39: =AS38 -> F | AT39: =IF(ISERROR(SEARCH("Not",$AM41)),AT38,AV38) -> * | AU39: =IF(ISERROR(SEARCH("Not",$AM41)),AU38,AQ38) -> T | AV39: =IF(ISERROR(SEARCH("Not",$AM41)),AV38,AT38) -> * | AW39: =AW38 -> * | AY39: =AY38 -> * | AZ39: =IF(ISERROR(SEARCH("Not",$AM41)),AZ38,BB38) -> * | BA39: =IF(ISERROR(SEARCH("Not",$AM41)),BA38,BE38) -> * | BB39: =IF(ISERROR(SEARCH("Not",$AM41)),BB38,AZ38) -> * | BC39: =BC38 -> * | BD39: =IF(ISERROR(SEARCH("Not",$AM41)),BD38,BF38) -> * | BE39: =IF(ISERROR(SEARCH("Not",$AM41)),BE38,BA38) -> * | BF39: =IF(ISERROR(SEARCH("Not",$AM41)),BF38,BD38) -> * | BG39: =BG38 -> * | BI39: =BI38 -> * | BJ39: =IF(ISERROR(SEARCH("Not",$AM41)),BJ38,BL38) -> * | BK39: =IF(ISERROR(SEARCH("Not",$AM41)),BK38,BO38) -> * | BL39: =IF(ISERROR(SEARCH("Not",$AM41)),BL38,BJ38) -> * | BM39: =BM38 -> * | BN39: =IF(ISERROR(SEARCH("Not",$AM41)),BN38,BP38) -> * | BO39: =IF(ISERROR(SEARCH("Not",$AM41)),BO38,BK38) -> * | BP39: =IF(ISERROR(SEARCH("Not",$AM41)),BP38,BN38) -> * | BQ39: =BQ38 -> *
B40: A | C40: I | D40: ='DE-9IM Matrixes'!D39 -> T | E40: ='DE-9IM Matrixes'!E39 -> * | F40: ='DE-9IM Matrixes'!F39 -> T | H40: A | I40: I | J40: ='DE-9IM Matrixes'!J39 -> * | K40: ='DE-9IM Matrixes'!K39 -> * | L40: ='DE-9IM Matrixes'!L39 -> * | N40: A | O40: I | P40: ='DE-9IM Matrixes'!P39 -> * | Q40: ='DE-9IM Matrixes'!Q39 -> * | R40: ='DE-9IM Matrixes'!R39 -> * | U40: A | V40: I | W40: =D40 -> T | X40: =D41 -> * | Y40: =D42 -> F | AA40: A | AB40: I | AC40: =J40 -> * | AD40: =J41 -> * | AE40: =J42 -> * | AG40: A | AH40: I | AI40: =P40 -> * | AJ40: =P41 -> * | AK40: =P42 -> * | AM40: =T38 -> B Contains A | AO40: =W40 -> T | AP40: =X40 -> * | AQ40: =Y40 -> F | AR40: =W41 -> * | AS40: =X41 -> F | AT40: =Y41 -> * | AU40: =W42 -> T | AV40: =X42 -> * | AW40: =Y42 -> * | AY40: =AC40 -> * | AZ40: =AD40 -> * | BA40: =AE40 -> * | BB40: =AC41 -> * | BC40: =AD41 -> * | BD40: =AE41 -> * | BE40: =AC42 -> * | BF40: =AD42 -> * | BG40: =AE42 -> * | BI40: =AI40 -> * | BJ40: =AJ40 -> * | BK40: =AK40 -> * | BL40: =AI41 -> * | BM40: =AJ41 -> * | BN40: =AK41 -> * | BO40: =AI42 -> * | BP40: =AJ42 -> * | BQ40: =AK42 -> *
C41: B | D41: ='DE-9IM Matrixes'!D40 -> * | E41: ='DE-9IM Matrixes'!E40 -> F | F41: ='DE-9IM Matrixes'!F40 -> * | I41: B | J41: ='DE-9IM Matrixes'!J40 -> * | K41: ='DE-9IM Matrixes'!K40 -> * | L41: ='DE-9IM Matrixes'!L40 -> * | O41: B | P41: ='DE-9IM Matrixes'!P40 -> * | Q41: ='DE-9IM Matrixes'!Q40 -> * | R41: ='DE-9IM Matrixes'!R40 -> * | V41: B | W41: =E40 -> * | X41: =E41 -> F | Y41: =E42 -> * | AB41: B | AC41: =K40 -> * | AD41: =K41 -> * | AE41: =K42 -> * | AH41: B | AI41: =Q40 -> * | AJ41: =Q41 -> * | AK41: =Q42 -> * | AM41: Not Symmetric | AO41: =IF(AO39=AO40,"","X") | AP41: =IF(AP39=AP40,"","X") | AQ41: =IF(AQ39=AQ40,"","X") | AR41: =IF(AR39=AR40,"","X") | AS41: =IF(AS39=AS40,"","X") | AT41: =IF(AT39=AT40,"","X") | AU41: =IF(AU39=AU40,"","X") | AV41: =IF(AV39=AV40,"","X") | ... BR41: =IF(BR39=BR40,"","X")
C42: E | D42: ='DE-9IM Matrixes'!D41 -> F | E42: ='DE-9IM Matrixes'!E41 -> * | F42: ='DE-9IM Matrixes'!F41 -> * | I42: E | J42: ='DE-9IM Matrixes'!J41 -> * | K42: ='DE-9IM Matrixes'!K41 -> * | L42: ='DE-9IM Matrixes'!L41 -> * | O42: E | P42: ='DE-9IM Matrixes'!P41 -> * | Q42: ='DE-9IM Matrixes'!Q41 -> * | R42: ='DE-9IM Matrixes'!R41 -> * | V42: E | W42: =F40 -> T | X42: =F41 -> * | Y42: =F42 -> * | AB42: E | AC42: =L40 -> * | AD42: =L41 -> * | AE42: =L42 -> * | AH42: E | AI42: =R40 -> * | AJ42: =R41 -> * | AK42: =R42 -> *
A43: ='DE-9IM Matrixes'!A42 -> A is Within B | D43: B | J43: B | P43: B | T43: =SUBSTITUTE(SUBSTITUTE(SUBSTITUTE(SUBSTITUTE(A43,"A","x"),"B","A"),"x","B"),"Ao","Bo") -> B is Within A | W43: B | AC43: B | AI43: B | AM43: =A43 -> A is Within B | AO43: =D45 -> T | AP43: =E45 -> * | AQ43: =F45 -> F | AR43: =D46 -> * | AS43: =E46 -> F | AT43: =F46 -> * | AU43: =D47 -> T | AV43: =E47 -> * | AW43: =F47 -> * | AY43: =J45 -> * | AZ43: =K45 -> * | BA43: =L45 -> * | BB43: =J46 -> * | BC43: =K46 -> * | BD43: =L46 -> * | BE43: =J47 -> * | BF43: =K47 -> * | BG43: =L47 -> * | BI43: =P45 -> * | BJ43: =Q45 -> * | BK43: =R45 -> * | BL43: =P46 -> * | BM43: =Q46 -> * | BN43: =R46 -> * | BO43: =P47 -> * | BP43: =Q47 -> * | BQ43: =R47 -> *
D44: I | E44: B | F44: E | J44: I | K44: B | L44: E | P44: I | Q44: B | R44: E | W44: I | X44: B | Y44: E | AC44: I | AD44: B | AE44: E | AI44: I | AJ44: B | AK44: E | AM44: expected | AO44: =AO43 -> T | AP44: =IF(ISERROR(SEARCH("Not",$AM46)),AP43,AR43) -> * | AQ44: =IF(ISERROR(SEARCH("Not",$AM46)),AQ43,AU43) -> T | AR44: =IF(ISERROR(SEARCH("Not",$AM46)),AR43,AP43) -> * | AS44: =AS43 -> F | AT44: =IF(ISERROR(SEARCH("Not",$AM46)),AT43,AV43) -> * | AU44: =IF(ISERROR(SEARCH("Not",$AM46)),AU43,AQ43) -> F | AV44: =IF(ISERROR(SEARCH("Not",$AM46)),AV43,AT43) -> * | AW44: =AW43 -> * | AY44: =AY43 -> * | AZ44: =IF(ISERROR(SEARCH("Not",$AM46)),AZ43,BB43) -> * | BA44: =IF(ISERROR(SEARCH("Not",$AM46)),BA43,BE43) -> * | BB44: =IF(ISERROR(SEARCH("Not",$AM46)),BB43,AZ43) -> * | BC44: =BC43 -> * | BD44: =IF(ISERROR(SEARCH("Not",$AM46)),BD43,BF43) -> * | BE44: =IF(ISERROR(SEARCH("Not",$AM46)),BE43,BA43) -> * | BF44: =IF(ISERROR(SEARCH("Not",$AM46)),BF43,BD43) -> * | BG44: =BG43 -> * | BI44: =BI43 -> * | BJ44: =IF(ISERROR(SEARCH("Not",$AM46)),BJ43,BL43) -> * | BK44: =IF(ISERROR(SEARCH("Not",$AM46)),BK43,BO43) -> * | BL44: =IF(ISERROR(SEARCH("Not",$AM46)),BL43,BJ43) -> * | BM44: =BM43 -> * | BN44: =IF(ISERROR(SEARCH("Not",$AM46)),BN43,BP43) -> * | BO44: =IF(ISERROR(SEARCH("Not",$AM46)),BO43,BK43) -> * | BP44: =IF(ISERROR(SEARCH("Not",$AM46)),BP43,BN43) -> * | BQ44: =BQ43 -> *
B45: A | C45: I | D45: ='DE-9IM Matrixes'!D44 -> T | E45: ='DE-9IM Matrixes'!E44 -> * | F45: ='DE-9IM Matrixes'!F44 -> F | H45: A | I45: I | J45: ='DE-9IM Matrixes'!J44 -> * | K45: ='DE-9IM Matrixes'!K44 -> * | L45: ='DE-9IM Matrixes'!L44 -> * | N45: A | O45: I | P45: ='DE-9IM Matrixes'!P44 -> * | Q45: ='DE-9IM Matrixes'!Q44 -> * | R45: ='DE-9IM Matrixes'!R44 -> * | U45: A | V45: I | W45: =D45 -> T | X45: =D46 -> * | Y45: =D47 -> T | AA45: A | AB45: I | AC45: =J45 -> * | AD45: =J46 -> * | AE45: =J47 -> * | AG45: A | AH45: I | AI45: =P45 -> * | AJ45: =P46 -> * | AK45: =P47 -> * | AM45: =T43 -> B is Within A | AO45: =W45 -> T | AP45: =X45 -> * | AQ45: =Y45 -> T | AR45: =W46 -> * | AS45: =X46 -> F | AT45: =Y46 -> * | AU45: =W47 -> F | AV45: =X47 -> * | AW45: =Y47 -> * | AY45: =AC45 -> * | AZ45: =AD45 -> * | BA45: =AE45 -> * | BB45: =AC46 -> * | BC45: =AD46 -> * | BD45: =AE46 -> * | BE45: =AC47 -> * | BF45: =AD47 -> * | BG45: =AE47 -> * | BI45: =AI45 -> * | BJ45: =AJ45 -> * | BK45: =AK45 -> * | BL45: =AI46 -> * | BM45: =AJ46 -> * | BN45: =AK46 -> * | BO45: =AI47 -> * | BP45: =AJ47 -> * | BQ45: =AK47 -> *
C46: B | D46: ='DE-9IM Matrixes'!D45 -> * | E46: ='DE-9IM Matrixes'!E45 -> F | F46: ='DE-9IM Matrixes'!F45 -> * | I46: B | J46: ='DE-9IM Matrixes'!J45 -> * | K46: ='DE-9IM Matrixes'!K45 -> * | L46: ='DE-9IM Matrixes'!L45 -> * | O46: B | P46: ='DE-9IM Matrixes'!P45 -> * | Q46: ='DE-9IM Matrixes'!Q45 -> * | R46: ='DE-9IM Matrixes'!R45 -> * | V46: B | W46: =E45 -> * | X46: =E46 -> F | Y46: =E47 -> * | AB46: B | AC46: =K45 -> * | AD46: =K46 -> * | AE46: =K47 -> * | AH46: B | AI46: =Q45 -> * | AJ46: =Q46 -> * | AK46: =Q47 -> * | AM46: Not Symmetric | AO46: =IF(AO44=AO45,"","X") | AP46: =IF(AP44=AP45,"","X") | AQ46: =IF(AQ44=AQ45,"","X") | AR46: =IF(AR44=AR45,"","X") | AS46: =IF(AS44=AS45,"","X") | AT46: =IF(AT44=AT45,"","X") | AU46: =IF(AU44=AU45,"","X") | AV46: =IF(AV44=AV45,"","X") | ... BR46: =IF(BR44=BR45,"","X")
C47: E | D47: ='DE-9IM Matrixes'!D46 -> T | E47: ='DE-9IM Matrixes'!E46 -> * | F47: ='DE-9IM Matrixes'!F46 -> * | I47: E | J47: ='DE-9IM Matrixes'!J46 -> * | K47: ='DE-9IM Matrixes'!K46 -> * | L47: ='DE-9IM Matrixes'!L46 -> * | O47: E | P47: ='DE-9IM Matrixes'!P46 -> * | Q47: ='DE-9IM Matrixes'!Q46 -> * | R47: ='DE-9IM Matrixes'!R46 -> * | V47: E | W47: =F45 -> F | X47: =F46 -> * | Y47: =F47 -> * | AB47: E | AC47: =L45 -> * | AD47: =L46 -> * | AE47: =L47 -> * | AH47: E | AI47: =R45 -> * | AJ47: =R46 -> * | AK47: =R47 -> *
A48: ='DE-9IM Matrixes'!A47 -> A Surrounds B | D48: B | J48: B | P48: B | T48: =SUBSTITUTE(SUBSTITUTE(SUBSTITUTE(SUBSTITUTE(A48,"A","x"),"B","A"),"x","B"),"Ao","Bo") -> B Surrounds A | W48: B | AC48: B | AI48: B | AM48: =A48 -> A Surrounds B | AO48: =D50 -> F | AP48: =E50 -> * | AQ48: =F50 -> * | AR48: =D51 -> * | AS48: =E51 -> F | AT48: =F51 -> * | AU48: =D52 -> * | AV48: =E52 -> * | AW48: =F52 -> * | AY48: =J50 -> T | AZ48: =K50 -> * | BA48: =L50 -> T | BB48: =J51 -> * | BC48: =K51 -> * | BD48: =L51 -> * | BE48: =J52 -> F | BF48: =K52 -> * | BG48: =L52 -> * | BI48: =P50 -> * | BJ48: =Q50 -> * | BK48: =R50 -> * | BL48: =P51 -> * | BM48: =Q51 -> * | BN48: =R51 -> * | BO48: =P52 -> * | BP48: =Q52 -> * | BQ48: =R52 -> *
D49: I | E49: B | F49: E | J49: I | K49: B | L49: E | P49: I | Q49: B | R49: E | W49: I | X49: B | Y49: E | AC49: I | AD49: B | AE49: E | AI49: I | AJ49: B | AK49: E | AM49: expected | AO49: =AO48 -> F | AP49: =IF(ISERROR(SEARCH("Not",$AM51)),AP48,AR48) -> * | AQ49: =IF(ISERROR(SEARCH("Not",$AM51)),AQ48,AU48) -> * | AR49: =IF(ISERROR(SEARCH("Not",$AM51)),AR48,AP48) -> * | AS49: =AS48 -> F | AT49: =IF(ISERROR(SEARCH("Not",$AM51)),AT48,AV48) -> * | AU49: =IF(ISERROR(SEARCH("Not",$AM51)),AU48,AQ48) -> * | AV49: =IF(ISERROR(SEARCH("Not",$AM51)),AV48,AT48) -> * | AW49: =AW48 -> * | AY49: =AY48 -> T | AZ49: =IF(ISERROR(SEARCH("Not",$AM51)),AZ48,BB48) -> * | BA49: =IF(ISERROR(SEARCH("Not",$AM51)),BA48,BE48) -> F | BB49: =IF(ISERROR(SEARCH("Not",$AM51)),BB48,AZ48) -> * | BC49: =BC48 -> * | BD49: =IF(ISERROR(SEARCH("Not",$AM51)),BD48,BF48) -> * | BE49: =IF(ISERROR(SEARCH("Not",$AM51)),BE48,BA48) -> T | BF49: =IF(ISERROR(SEARCH("Not",$AM51)),BF48,BD48) -> * | BG49: =BG48 -> * | BI49: =BI48 -> * | BJ49: =IF(ISERROR(SEARCH("Not",$AM51)),BJ48,BL48) -> * | BK49: =IF(ISERROR(SEARCH("Not",$AM51)),BK48,BO48) -> * | BL49: =IF(ISERROR(SEARCH("Not",$AM51)),BL48,BJ48) -> * | BM49: =BM48 -> * | BN49: =IF(ISERROR(SEARCH("Not",$AM51)),BN48,BP48) -> * | BO49: =IF(ISERROR(SEARCH("Not",$AM51)),BO48,BK48) -> * | BP49: =IF(ISERROR(SEARCH("Not",$AM51)),BP48,BN48) -> * | BQ49: =BQ48 -> *
B50: A | C50: I | D50: ='DE-9IM Matrixes'!D49 -> F | E50: ='DE-9IM Matrixes'!E49 -> * | F50: ='DE-9IM Matrixes'!F49 -> * | H50: A | I50: I | J50: ='DE-9IM Matrixes'!J49 -> T | K50: ='DE-9IM Matrixes'!K49 -> * | L50: ='DE-9IM Matrixes'!L49 -> T | N50: A | O50: I | P50: ='DE-9IM Matrixes'!P49 -> * | Q50: ='DE-9IM Matrixes'!Q49 -> * | R50: ='DE-9IM Matrixes'!R49 -> * | U50: A | V50: I | W50: =D50 -> F | X50: =D51 -> * | Y50: =D52 -> * | AA50: A | AB50: I | AC50: =J50 -> T | AD50: =J51 -> * | AE50: =J52 -> F | AG50: A | AH50: I | AI50: =P50 -> * | AJ50: =P51 -> * | AK50: =P52 -> * | AM50: =T48 -> B Surrounds A | AO50: =W50 -> F | AP50: =X50 -> * | AQ50: =Y50 -> * | AR50: =W51 -> * | AS50: =X51 -> F | AT50: =Y51 -> * | AU50: =W52 -> * | AV50: =X52 -> * | AW50: =Y52 -> * | AY50: =AC50 -> T | AZ50: =AD50 -> * | BA50: =AE50 -> F | BB50: =AC51 -> * | BC50: =AD51 -> * | BD50: =AE51 -> * | BE50: =AC52 -> T | BF50: =AD52 -> * | BG50: =AE52 -> * | BI50: =AI50 -> * | BJ50: =AJ50 -> * | BK50: =AK50 -> * | BL50: =AI51 -> * | BM50: =AJ51 -> * | BN50: =AK51 -> * | BO50: =AI52 -> * | BP50: =AJ52 -> * | BQ50: =AK52 -> *
C51: B | D51: ='DE-9IM Matrixes'!D50 -> * | E51: ='DE-9IM Matrixes'!E50 -> F | F51: ='DE-9IM Matrixes'!F50 -> * | I51: B | J51: ='DE-9IM Matrixes'!J50 -> * | K51: ='DE-9IM Matrixes'!K50 -> * | L51: ='DE-9IM Matrixes'!L50 -> * | O51: B | P51: ='DE-9IM Matrixes'!P50 -> * | Q51: ='DE-9IM Matrixes'!Q50 -> * | R51: ='DE-9IM Matrixes'!R50 -> * | V51: B | W51: =E50 -> * | X51: =E51 -> F | Y51: =E52 -> * | AB51: B | AC51: =K50 -> * | AD51: =K51 -> * | AE51: =K52 -> * | AH51: B | AI51: =Q50 -> * | AJ51: =Q51 -> * | AK51: =Q52 -> * | AM51: Not Symmetric | AO51: =IF(AO49=AO50,"","X") | AP51: =IF(AP49=AP50,"","X") | AQ51: =IF(AQ49=AQ50,"","X") | AR51: =IF(AR49=AR50,"","X") | AS51: =IF(AS49=AS50,"","X") | AT51: =IF(AT49=AT50,"","X") | AU51: =IF(AU49=AU50,"","X") | AV51: =IF(AV49=AV50,"","X") | ... BR51: =IF(BR49=BR50,"","X")
C52: E | D52: ='DE-9IM Matrixes'!D51 -> * | E52: ='DE-9IM Matrixes'!E51 -> * | F52: ='DE-9IM Matrixes'!F51 -> * | I52: E | J52: ='DE-9IM Matrixes'!J51 -> F | K52: ='DE-9IM Matrixes'!K51 -> * | L52: ='DE-9IM Matrixes'!L51 -> * | O52: E | P52: ='DE-9IM Matrixes'!P51 -> * | Q52: ='DE-9IM Matrixes'!Q51 -> * | R52: ='DE-9IM Matrixes'!R51 -> * | V52: E | W52: =F50 -> * | X52: =F51 -> * | Y52: =F52 -> * | AB52: E | AC52: =L50 -> T | AD52: =L51 -> * | AE52: =L52 -> * | AH52: E | AI52: =R50 -> * | AJ52: =R51 -> * | AK52: =R52 -> *
A53: ='DE-9IM Matrixes'!A52 -> A is Enclosed by B | D53: B | J53: B | P53: B | T53: =SUBSTITUTE(SUBSTITUTE(SUBSTITUTE(SUBSTITUTE(A53,"A","x"),"B","A"),"x","B"),"Ao","Bo") -> B is Enclosed by A | W53: B | AC53: B | AI53: B | AM53: =A53 -> A is Enclosed by B | AO53: =D55 -> F | AP53: =E55 -> * | AQ53: =F55 -> * | AR53: =D56 -> * | AS53: =E56 -> F | AT53: =F56 -> * | AU53: =D57 -> * | AV53: =E57 -> * | AW53: =F57 -> * | AY53: =J55 -> T | AZ53: =K55 -> * | BA53: =L55 -> F | BB53: =J56 -> * | BC53: =K56 -> * | BD53: =L56 -> * | BE53: =J57 -> T | BF53: =K57 -> * | BG53: =L57 -> * | BI53: =P55 -> * | BJ53: =Q55 -> * | BK53: =R55 -> * | BL53: =P56 -> * | BM53: =Q56 -> * | BN53: =R56 -> * | BO53: =P57 -> * | BP53: =Q57 -> * | BQ53: =R57 -> *
D54: I | E54: B | F54: E | J54: I | K54: B | L54: E | P54: I | Q54: B | R54: E | W54: I | X54: B | Y54: E | AC54: I | AD54: B | AE54: E | AI54: I | AJ54: B | AK54: E | AM54: expected | AO54: =AO53 -> F | AP54: =IF(ISERROR(SEARCH("Not",$AM56)),AP53,AR53) -> * | AQ54: =IF(ISERROR(SEARCH("Not",$AM56)),AQ53,AU53) -> * | AR54: =IF(ISERROR(SEARCH("Not",$AM56)),AR53,AP53) -> * | AS54: =AS53 -> F | AT54: =IF(ISERROR(SEARCH("Not",$AM56)),AT53,AV53) -> * | AU54: =IF(ISERROR(SEARCH("Not",$AM56)),AU53,AQ53) -> * | AV54: =IF(ISERROR(SEARCH("Not",$AM56)),AV53,AT53) -> * | AW54: =AW53 -> * | AY54: =AY53 -> T | AZ54: =IF(ISERROR(SEARCH("Not",$AM56)),AZ53,BB53) -> * | BA54: =IF(ISERROR(SEARCH("Not",$AM56)),BA53,BE53) -> T | BB54: =IF(ISERROR(SEARCH("Not",$AM56)),BB53,AZ53) -> * | BC54: =BC53 -> * | BD54: =IF(ISERROR(SEARCH("Not",$AM56)),BD53,BF53) -> * | BE54: =IF(ISERROR(SEARCH("Not",$AM56)),BE53,BA53) -> F | BF54: =IF(ISERROR(SEARCH("Not",$AM56)),BF53,BD53) -> * | BG54: =BG53 -> * | BI54: =BI53 -> * | BJ54: =IF(ISERROR(SEARCH("Not",$AM56)),BJ53,BL53) -> * | BK54: =IF(ISERROR(SEARCH("Not",$AM56)),BK53,BO53) -> * | BL54: =IF(ISERROR(SEARCH("Not",$AM56)),BL53,BJ53) -> * | BM54: =BM53 -> * | BN54: =IF(ISERROR(SEARCH("Not",$AM56)),BN53,BP53) -> * | BO54: =IF(ISERROR(SEARCH("Not",$AM56)),BO53,BK53) -> * | BP54: =IF(ISERROR(SEARCH("Not",$AM56)),BP53,BN53) -> * | BQ54: =BQ53 -> *
B55: A | C55: I | D55: ='DE-9IM Matrixes'!D54 -> F | E55: ='DE-9IM Matrixes'!E54 -> * | F55: ='DE-9IM Matrixes'!F54 -> * | H55: A | I55: I | J55: ='DE-9IM Matrixes'!J54 -> T | K55: ='DE-9IM Matrixes'!K54 -> * | L55: ='DE-9IM Matrixes'!L54 -> F | N55: A | O55: I | P55: ='DE-9IM Matrixes'!P54 -> * | Q55: ='DE-9IM Matrixes'!Q54 -> * | R55: ='DE-9IM Matrixes'!R54 -> * | U55: A | V55: I | W55: =D55 -> F | X55: =D56 -> * | Y55: =D57 -> * | AA55: A | AB55: I | AC55: =J55 -> T | AD55: =J56 -> * | AE55: =J57 -> T | AG55: A | AH55: I | AI55: =P55 -> * | AJ55: =P56 -> * | AK55: =P57 -> * | AM55: =T53 -> B is Enclosed by A | AO55: =W55 -> F | AP55: =X55 -> * | AQ55: =Y55 -> * | AR55: =W56 -> * | AS55: =X56 -> F | AT55: =Y56 -> * | AU55: =W57 -> * | AV55: =X57 -> * | AW55: =Y57 -> * | AY55: =AC55 -> T | AZ55: =AD55 -> * | BA55: =AE55 -> T | BB55: =AC56 -> * | BC55: =AD56 -> * | BD55: =AE56 -> * | BE55: =AC57 -> F | BF55: =AD57 -> * | BG55: =AE57 -> * | BI55: =AI55 -> * | BJ55: =AJ55 -> * | BK55: =AK55 -> * | BL55: =AI56 -> * | BM55: =AJ56 -> * | BN55: =AK56 -> * | BO55: =AI57 -> * | BP55: =AJ57 -> * | BQ55: =AK57 -> *
C56: B | D56: ='DE-9IM Matrixes'!D55 -> * | E56: ='DE-9IM Matrixes'!E55 -> F | F56: ='DE-9IM Matrixes'!F55 -> * | I56: B | J56: ='DE-9IM Matrixes'!J55 -> * | K56: ='DE-9IM Matrixes'!K55 -> * | L56: ='DE-9IM Matrixes'!L55 -> * | O56: B | P56: ='DE-9IM Matrixes'!P55 -> * | Q56: ='DE-9IM Matrixes'!Q55 -> * | R56: ='DE-9IM Matrixes'!R55 -> * | V56: B | W56: =E55 -> * | X56: =E56 -> F | Y56: =E57 -> * | AB56: B | AC56: =K55 -> * | AD56: =K56 -> * | AE56: =K57 -> * | AH56: B | AI56: =Q55 -> * | AJ56: =Q56 -> * | AK56: =Q57 -> * | AM56: Not Symmetric | AO56: =IF(AO54=AO55,"","X") | AP56: =IF(AP54=AP55,"","X") | AQ56: =IF(AQ54=AQ55,"","X") | AR56: =IF(AR54=AR55,"","X") | AS56: =IF(AS54=AS55,"","X") | AT56: =IF(AT54=AT55,"","X") | AU56: =IF(AU54=AU55,"","X") | AV56: =IF(AV54=AV55,"","X") | ... BR56: =IF(BR54=BR55,"","X")
C57: E | D57: ='DE-9IM Matrixes'!D56 -> * | E57: ='DE-9IM Matrixes'!E56 -> * | F57: ='DE-9IM Matrixes'!F56 -> * | I57: E | J57: ='DE-9IM Matrixes'!J56 -> T | K57: ='DE-9IM Matrixes'!K56 -> * | L57: ='DE-9IM Matrixes'!L56 -> * | O57: E | P57: ='DE-9IM Matrixes'!P56 -> * | Q57: ='DE-9IM Matrixes'!Q56 -> * | R57: ='DE-9IM Matrixes'!R56 -> * | V57: E | W57: =F55 -> * | X57: =F56 -> * | Y57: =F57 -> * | AB57: E | AC57: =L55 -> F | AD57: =L56 -> * | AE57: =L57 -> * | AH57: E | AI57: =R55 -> * | AJ57: =R56 -> * | AK57: =R57 -> *
A58: ='DE-9IM Matrixes'!A57 -> A is Disjoint with B | D58: B | J58: B | P58: B | T58: =SUBSTITUTE(SUBSTITUTE(SUBSTITUTE(SUBSTITUTE(A58,"A","x"),"B","A"),"x","B"),"Ao","Bo") -> B is Disjoint with A | W58: B | AC58: B | AI58: B | AM58: =A58 -> A is Disjoint with B | AO58: =D60 -> F | AP58: =E60 -> * | AQ58: =F60 -> * | AR58: =D61 -> * | AS58: =E61 -> F | AT58: =F61 -> * | AU58: =D62 -> * | AV58: =E62 -> * | AW58: =F62 -> * | AY58: =J60 -> * | AZ58: =K60 -> * | BA58: =L60 -> T | BB58: =J61 -> * | BC58: =K61 -> * | BD58: =L61 -> * | BE58: =J62 -> T | BF58: =K62 -> * | BG58: =L62 -> * | BI58: =P60 -> * | BJ58: =Q60 -> * | BK58: =R60 -> T | BL58: =P61 -> * | BM58: =Q61 -> * | BN58: =R61 -> * | BO58: =P62 -> T | BP58: =Q62 -> * | BQ58: =R62 -> *
D59: I | E59: B | F59: E | J59: I | K59: B | L59: E | P59: I | Q59: B | R59: E | W59: I | X59: B | Y59: E | AC59: I | AD59: B | AE59: E | AI59: I | AJ59: B | AK59: E | AM59: expected | AO59: =AO58 -> F | AP59: =IF(ISERROR(SEARCH("Not",$AM61)),AP58,AR58) -> * | AQ59: =IF(ISERROR(SEARCH("Not",$AM61)),AQ58,AU58) -> * | AR59: =IF(ISERROR(SEARCH("Not",$AM61)),AR58,AP58) -> * | AS59: =AS58 -> F | AT59: =IF(ISERROR(SEARCH("Not",$AM61)),AT58,AV58) -> * | AU59: =IF(ISERROR(SEARCH("Not",$AM61)),AU58,AQ58) -> * | AV59: =IF(ISERROR(SEARCH("Not",$AM61)),AV58,AT58) -> * | AW59: =AW58 -> * | AY59: =AY58 -> * | AZ59: =IF(ISERROR(SEARCH("Not",$AM61)),AZ58,BB58) -> * | BA59: =IF(ISERROR(SEARCH("Not",$AM61)),BA58,BE58) -> T | BB59: =IF(ISERROR(SEARCH("Not",$AM61)),BB58,AZ58) -> * | BC59: =BC58 -> * | BD59: =IF(ISERROR(SEARCH("Not",$AM61)),BD58,BF58) -> * | BE59: =IF(ISERROR(SEARCH("Not",$AM61)),BE58,BA58) -> T | BF59: =IF(ISERROR(SEARCH("Not",$AM61)),BF58,BD58) -> * | BG59: =BG58 -> * | BI59: =BI58 -> * | BJ59: =IF(ISERROR(SEARCH("Not",$AM61)),BJ58,BL58) -> * | BK59: =IF(ISERROR(SEARCH("Not",$AM61)),BK58,BO58) -> T | BL59: =IF(ISERROR(SEARCH("Not",$AM61)),BL58,BJ58) -> * | BM59: =BM58 -> * | BN59: =IF(ISERROR(SEARCH("Not",$AM61)),BN58,BP58) -> * | BO59: =IF(ISERROR(SEARCH("Not",$AM61)),BO58,BK58) -> T | BP59: =IF(ISERROR(SEARCH("Not",$AM61)),BP58,BN58) -> * | BQ59: =BQ58 -> *
B60: A | C60: I | D60: ='DE-9IM Matrixes'!D59 -> F | E60: ='DE-9IM Matrixes'!E59 -> * | F60: ='DE-9IM Matrixes'!F59 -> * | H60: A | I60: I | J60: ='DE-9IM Matrixes'!J59 -> * | K60: ='DE-9IM Matrixes'!K59 -> * | L60: ='DE-9IM Matrixes'!L59 -> T | N60: A | O60: I | P60: ='DE-9IM Matrixes'!P59 -> * | Q60: ='DE-9IM Matrixes'!Q59 -> * | R60: ='DE-9IM Matrixes'!R59 -> T | U60: A | V60: I | W60: =D60 -> F | X60: =D61 -> * | Y60: =D62 -> * | AA60: A | AB60: I | AC60: =J60 -> * | AD60: =J61 -> * | AE60: =J62 -> T | AG60: A | AH60: I | AI60: =P60 -> * | AJ60: =P61 -> * | AK60: =P62 -> T | AM60: =T58 -> B is Disjoint with A | AO60: =W60 -> F | AP60: =X60 -> * | AQ60: =Y60 -> * | AR60: =W61 -> * | AS60: =X61 -> F | AT60: =Y61 -> * | AU60: =W62 -> * | AV60: =X62 -> * | AW60: =Y62 -> * | AY60: =AC60 -> * | AZ60: =AD60 -> * | BA60: =AE60 -> T | BB60: =AC61 -> * | BC60: =AD61 -> * | BD60: =AE61 -> * | BE60: =AC62 -> T | BF60: =AD62 -> * | BG60: =AE62 -> * | BI60: =AI60 -> * | BJ60: =AJ60 -> * | BK60: =AK60 -> T | BL60: =AI61 -> * | BM60: =AJ61 -> * | BN60: =AK61 -> * | BO60: =AI62 -> T | BP60: =AJ62 -> * | BQ60: =AK62 -> *
C61: B | D61: ='DE-9IM Matrixes'!D60 -> * | E61: ='DE-9IM Matrixes'!E60 -> F | F61: ='DE-9IM Matrixes'!F60 -> * | I61: B | J61: ='DE-9IM Matrixes'!J60 -> * | K61: ='DE-9IM Matrixes'!K60 -> * | L61: ='DE-9IM Matrixes'!L60 -> * | O61: B | P61: ='DE-9IM Matrixes'!P60 -> * | Q61: ='DE-9IM Matrixes'!Q60 -> * | R61: ='DE-9IM Matrixes'!R60 -> * | V61: B | W61: =E60 -> * | X61: =E61 -> F | Y61: =E62 -> * | AB61: B | AC61: =K60 -> * | AD61: =K61 -> * | AE61: =K62 -> * | AH61: B | AI61: =Q60 -> * | AJ61: =Q61 -> * | AK61: =Q62 -> * | AM61: Symmetric | AO61: =IF(AO59=AO60,"","X") | AP61: =IF(AP59=AP60,"","X") | AQ61: =IF(AQ59=AQ60,"","X") | AR61: =IF(AR59=AR60,"","X") | AS61: =IF(AS59=AS60,"","X") | AT61: =IF(AT59=AT60,"","X") | AU61: =IF(AU59=AU60,"","X") | AV61: =IF(AV59=AV60,"","X") | ... BR61: =IF(BR59=BR60,"","X")
C62: E | D62: ='DE-9IM Matrixes'!D61 -> * | E62: ='DE-9IM Matrixes'!E61 -> * | F62: ='DE-9IM Matrixes'!F61 -> * | I62: E | J62: ='DE-9IM Matrixes'!J61 -> T | K62: ='DE-9IM Matrixes'!K61 -> * | L62: ='DE-9IM Matrixes'!L61 -> * | O62: E | P62: ='DE-9IM Matrixes'!P61 -> T | Q62: ='DE-9IM Matrixes'!Q61 -> * | R62: ='DE-9IM Matrixes'!R61 -> * | V62: E | W62: =F60 -> * | X62: =F61 -> * | Y62: =F62 -> * | AB62: E | AC62: =L60 -> T | AD62: =L61 -> * | AE62: =L62 -> * | AH62: E | AI62: =R60 -> T | AJ62: =R61 -> * | AK62: =R62 -> *
A63: ='DE-9IM Matrixes'!A62 -> A Shelters B | D63: B | J63: B | P63: B | T63: =SUBSTITUTE(SUBSTITUTE(SUBSTITUTE(SUBSTITUTE(A63,"A","x"),"B","A"),"x","B"),"Ao","Bo") -> B Shelters A | W63: B | AC63: B | AI63: B | AM63: =A63 -> A Shelters B | AO63: =D65 -> F | AP63: =E65 -> * | AQ63: =F65 -> T | AR63: =D66 -> * | AS63: =E66 -> F | AT63: =F66 -> * | AU63: =D67 -> T | AV63: =E67 -> * | AW63: =F67 -> * | AY63: =J65 -> F | AZ63: =K65 -> * | BA63: =L65 -> * | BB63: =J66 -> * | BC63: =K66 -> * | BD63: =L66 -> * | BE63: =J67 -> * | BF63: =K67 -> * | BG63: =L67 -> * | BI63: =P65 -> T | BJ63: =Q65 -> * | BK63: =R65 -> T | BL63: =P66 -> * | BM63: =Q66 -> * | BN63: =R66 -> * | BO63: =P67 -> F | BP63: =Q67 -> * | BQ63: =R67 -> *
D64: I | E64: B | F64: E | J64: I | K64: B | L64: E | P64: I | Q64: B | R64: E | W64: I | X64: B | Y64: E | AC64: I | AD64: B | AE64: E | AI64: I | AJ64: B | AK64: E | AM64: expected | AO64: =AO63 -> F | AP64: =IF(ISERROR(SEARCH("Not",$AM66)),AP63,AR63) -> * | AQ64: =IF(ISERROR(SEARCH("Not",$AM66)),AQ63,AU63) -> T | AR64: =IF(ISERROR(SEARCH("Not",$AM66)),AR63,AP63) -> * | AS64: =AS63 -> F | AT64: =IF(ISERROR(SEARCH("Not",$AM66)),AT63,AV63) -> * | AU64: =IF(ISERROR(SEARCH("Not",$AM66)),AU63,AQ63) -> T | AV64: =IF(ISERROR(SEARCH("Not",$AM66)),AV63,AT63) -> * | AW64: =AW63 -> * | AY64: =AY63 -> F | AZ64: =IF(ISERROR(SEARCH("Not",$AM66)),AZ63,BB63) -> * | BA64: =IF(ISERROR(SEARCH("Not",$AM66)),BA63,BE63) -> * | BB64: =IF(ISERROR(SEARCH("Not",$AM66)),BB63,AZ63) -> * | BC64: =BC63 -> * | BD64: =IF(ISERROR(SEARCH("Not",$AM66)),BD63,BF63) -> * | BE64: =IF(ISERROR(SEARCH("Not",$AM66)),BE63,BA63) -> * | BF64: =IF(ISERROR(SEARCH("Not",$AM66)),BF63,BD63) -> * | BG64: =BG63 -> * | BI64: =BI63 -> T | BJ64: =IF(ISERROR(SEARCH("Not",$AM66)),BJ63,BL63) -> * | BK64: =IF(ISERROR(SEARCH("Not",$AM66)),BK63,BO63) -> F | BL64: =IF(ISERROR(SEARCH("Not",$AM66)),BL63,BJ63) -> * | BM64: =BM63 -> * | BN64: =IF(ISERROR(SEARCH("Not",$AM66)),BN63,BP63) -> * | BO64: =IF(ISERROR(SEARCH("Not",$AM66)),BO63,BK63) -> T | BP64: =IF(ISERROR(SEARCH("Not",$AM66)),BP63,BN63) -> * | BQ64: =BQ63 -> *
B65: A | C65: I | D65: ='DE-9IM Matrixes'!D64 -> F | E65: ='DE-9IM Matrixes'!E64 -> * | F65: ='DE-9IM Matrixes'!F64 -> T | H65: A | I65: I | J65: ='DE-9IM Matrixes'!J64 -> F | K65: ='DE-9IM Matrixes'!K64 -> * | L65: ='DE-9IM Matrixes'!L64 -> * | N65: A | O65: I | P65: ='DE-9IM Matrixes'!P64 -> T | Q65: ='DE-9IM Matrixes'!Q64 -> * | R65: ='DE-9IM Matrixes'!R64 -> T | U65: A | V65: I | W65: =D65 -> F | X65: =D66 -> * | Y65: =D67 -> T | AA65: A | AB65: I | AC65: =J65 -> F | AD65: =J66 -> * | AE65: =J67 -> * | AG65: A | AH65: I | AI65: =P65 -> T | AJ65: =P66 -> * | AK65: =P67 -> F | AM65: =T63 -> B Shelters A | AO65: =W65 -> F | AP65: =X65 -> * | AQ65: =Y65 -> T | AR65: =W66 -> * | AS65: =X66 -> F | AT65: =Y66 -> * | AU65: =W67 -> T | AV65: =X67 -> * | AW65: =Y67 -> * | AY65: =AC65 -> F | AZ65: =AD65 -> * | BA65: =AE65 -> * | BB65: =AC66 -> * | BC65: =AD66 -> * | BD65: =AE66 -> * | BE65: =AC67 -> * | BF65: =AD67 -> * | BG65: =AE67 -> * | BI65: =AI65 -> T | BJ65: =AJ65 -> * | BK65: =AK65 -> F | BL65: =AI66 -> * | BM65: =AJ66 -> * | BN65: =AK66 -> * | BO65: =AI67 -> T | BP65: =AJ67 -> * | BQ65: =AK67 -> *
C66: B | D66: ='DE-9IM Matrixes'!D65 -> * | E66: ='DE-9IM Matrixes'!E65 -> F | F66: ='DE-9IM Matrixes'!F65 -> * | I66: B | J66: ='DE-9IM Matrixes'!J65 -> * | K66: ='DE-9IM Matrixes'!K65 -> * | L66: ='DE-9IM Matrixes'!L65 -> * | O66: B | P66: ='DE-9IM Matrixes'!P65 -> * | Q66: ='DE-9IM Matrixes'!Q65 -> * | R66: ='DE-9IM Matrixes'!R65 -> * | V66: B | W66: =E65 -> * | X66: =E66 -> F | Y66: =E67 -> * | AB66: B | AC66: =K65 -> * | AD66: =K66 -> * | AE66: =K67 -> * | AH66: B | AI66: =Q65 -> * | AJ66: =Q66 -> * | AK66: =Q67 -> * | AM66: Not Symmetric | AO66: =IF(AO64=AO65,"","X") | AP66: =IF(AP64=AP65,"","X") | AQ66: =IF(AQ64=AQ65,"","X") | AR66: =IF(AR64=AR65,"","X") | AS66: =IF(AS64=AS65,"","X") | AT66: =IF(AT64=AT65,"","X") | AU66: =IF(AU64=AU65,"","X") | AV66: =IF(AV64=AV65,"","X") | ... BR66: =IF(BR64=BR65,"","X")
C67: E | D67: ='DE-9IM Matrixes'!D66 -> T | E67: ='DE-9IM Matrixes'!E66 -> * | F67: ='DE-9IM Matrixes'!F66 -> * | I67: E | J67: ='DE-9IM Matrixes'!J66 -> * | K67: ='DE-9IM Matrixes'!K66 -> * | L67: ='DE-9IM Matrixes'!L66 -> * | O67: E | P67: ='DE-9IM Matrixes'!P66 -> F | Q67: ='DE-9IM Matrixes'!Q66 -> * | R67: ='DE-9IM Matrixes'!R66 -> * | V67: E | W67: =F65 -> T | X67: =F66 -> * | Y67: =F67 -> * | AB67: E | AC67: =L65 -> * | AD67: =L66 -> * | AE67: =L67 -> * | AH67: E | AI67: =R65 -> T | AJ67: =R66 -> * | AK67: =R67 -> *
A68: ='DE-9IM Matrixes'!A67 -> A is Sheltered by B | D68: B | J68: B | P68: B | T68: =SUBSTITUTE(SUBSTITUTE(SUBSTITUTE(SUBSTITUTE(A68,"A","x"),"B","A"),"x","B"),"Ao","Bo") -> B is Sheltered by A | W68: B | AC68: B | AI68: B | AM68: =A68 -> A is Sheltered by B | AO68: =D70 -> F | AP68: =E70 -> * | AQ68: =F70 -> T | AR68: =D71 -> * | AS68: =E71 -> F | AT68: =F71 -> * | AU68: =D72 -> T | AV68: =E72 -> * | AW68: =F72 -> * | AY68: =J70 -> F | AZ68: =K70 -> * | BA68: =L70 -> * | BB68: =J71 -> * | BC68: =K71 -> * | BD68: =L71 -> * | BE68: =J72 -> * | BF68: =K72 -> * | BG68: =L72 -> * | BI68: =P70 -> T | BJ68: =Q70 -> * | BK68: =R70 -> F | BL68: =P71 -> * | BM68: =Q71 -> * | BN68: =R71 -> * | BO68: =P72 -> T | BP68: =Q72 -> * | BQ68: =R72 -> *
D69: I | E69: B | F69: E | J69: I | K69: B | L69: E | P69: I | Q69: B | R69: E | W69: I | X69: B | Y69: E | AC69: I | AD69: B | AE69: E | AI69: I | AJ69: B | AK69: E | AM69: expected | AO69: =AO68 -> F | AP69: =IF(ISERROR(SEARCH("Not",$AM71)),AP68,AR68) -> * | AQ69: =IF(ISERROR(SEARCH("Not",$AM71)),AQ68,AU68) -> T | AR69: =IF(ISERROR(SEARCH("Not",$AM71)),AR68,AP68) -> * | AS69: =AS68 -> F | AT69: =IF(ISERROR(SEARCH("Not",$AM71)),AT68,AV68) -> * | AU69: =IF(ISERROR(SEARCH("Not",$AM71)),AU68,AQ68) -> T | AV69: =IF(ISERROR(SEARCH("Not",$AM71)),AV68,AT68) -> * | AW69: =AW68 -> * | AY69: =AY68 -> F | AZ69: =IF(ISERROR(SEARCH("Not",$AM71)),AZ68,BB68) -> * | BA69: =IF(ISERROR(SEARCH("Not",$AM71)),BA68,BE68) -> * | BB69: =IF(ISERROR(SEARCH("Not",$AM71)),BB68,AZ68) -> * | BC69: =BC68 -> * | BD69: =IF(ISERROR(SEARCH("Not",$AM71)),BD68,BF68) -> * | BE69: =IF(ISERROR(SEARCH("Not",$AM71)),BE68,BA68) -> * | BF69: =IF(ISERROR(SEARCH("Not",$AM71)),BF68,BD68) -> * | BG69: =BG68 -> * | BI69: =BI68 -> T | BJ69: =IF(ISERROR(SEARCH("Not",$AM71)),BJ68,BL68) -> * | BK69: =IF(ISERROR(SEARCH("Not",$AM71)),BK68,BO68) -> T | BL69: =IF(ISERROR(SEARCH("Not",$AM71)),BL68,BJ68) -> * | BM69: =BM68 -> * | BN69: =IF(ISERROR(SEARCH("Not",$AM71)),BN68,BP68) -> * | BO69: =IF(ISERROR(SEARCH("Not",$AM71)),BO68,BK68) -> F | BP69: =IF(ISERROR(SEARCH("Not",$AM71)),BP68,BN68) -> * | BQ69: =BQ68 -> *
B70: A | C70: I | D70: ='DE-9IM Matrixes'!D69 -> F | E70: ='DE-9IM Matrixes'!E69 -> * | F70: ='DE-9IM Matrixes'!F69 -> T | H70: A | I70: I | J70: ='DE-9IM Matrixes'!J69 -> F | K70: ='DE-9IM Matrixes'!K69 -> * | L70: ='DE-9IM Matrixes'!L69 -> * | N70: A | O70: I | P70: ='DE-9IM Matrixes'!P69 -> T | Q70: ='DE-9IM Matrixes'!Q69 -> * | R70: ='DE-9IM Matrixes'!R69 -> F | U70: A | V70: I | W70: =D70 -> F | X70: =D71 -> * | Y70: =D72 -> T | AA70: A | AB70: I | AC70: =J70 -> F | AD70: =J71 -> * | AE70: =J72 -> * | AG70: A | AH70: I | AI70: =P70 -> T | AJ70: =P71 -> * | AK70: =P72 -> T | AM70: =T68 -> B is Sheltered by A | AO70: =W70 -> F | AP70: =X70 -> * | AQ70: =Y70 -> T | AR70: =W71 -> * | AS70: =X71 -> F | AT70: =Y71 -> * | AU70: =W72 -> T | AV70: =X72 -> * | AW70: =Y72 -> * | AY70: =AC70 -> F | AZ70: =AD70 -> * | BA70: =AE70 -> * | BB70: =AC71 -> * | BC70: =AD71 -> * | BD70: =AE71 -> * | BE70: =AC72 -> * | BF70: =AD72 -> * | BG70: =AE72 -> * | BI70: =AI70 -> T | BJ70: =AJ70 -> * | BK70: =AK70 -> T | BL70: =AI71 -> * | BM70: =AJ71 -> * | BN70: =AK71 -> * | BO70: =AI72 -> F | BP70: =AJ72 -> * | BQ70: =AK72 -> *
C71: B | D71: ='DE-9IM Matrixes'!D70 -> * | E71: ='DE-9IM Matrixes'!E70 -> F | F71: ='DE-9IM Matrixes'!F70 -> * | I71: B | J71: ='DE-9IM Matrixes'!J70 -> * | K71: ='DE-9IM Matrixes'!K70 -> * | L71: ='DE-9IM Matrixes'!L70 -> * | O71: B | P71: ='DE-9IM Matrixes'!P70 -> * | Q71: ='DE-9IM Matrixes'!Q70 -> * | R71: ='DE-9IM Matrixes'!R70 -> * | V71: B | W71: =E70 -> * | X71: =E71 -> F | Y71: =E72 -> * | AB71: B | AC71: =K70 -> * | AD71: =K71 -> * | AE71: =K72 -> * | AH71: B | AI71: =Q70 -> * | AJ71: =Q71 -> * | AK71: =Q72 -> * | AM71: Not Symmetric | AO71: =IF(AO69=AO70,"","X") | AP71: =IF(AP69=AP70,"","X") | AQ71: =IF(AQ69=AQ70,"","X") | AR71: =IF(AR69=AR70,"","X") | AS71: =IF(AS69=AS70,"","X") | AT71: =IF(AT69=AT70,"","X") | AU71: =IF(AU69=AU70,"","X") | AV71: =IF(AV69=AV70,"","X") | ... BR71: =IF(BR69=BR70,"","X")
C72: E | D72: ='DE-9IM Matrixes'!D71 -> T | E72: ='DE-9IM Matrixes'!E71 -> * | F72: ='DE-9IM Matrixes'!F71 -> * | I72: E | J72: ='DE-9IM Matrixes'!J71 -> * | K72: ='DE-9IM Matrixes'!K71 -> * | L72: ='DE-9IM Matrixes'!L71 -> * | O72: E | P72: ='DE-9IM Matrixes'!P71 -> T | Q72: ='DE-9IM Matrixes'!Q71 -> * | R72: ='DE-9IM Matrixes'!R71 -> * | V72: E | W72: =F70 -> T | X72: =F71 -> * | Y72: =F72 -> * | AB72: E | AC72: =L70 -> * | AD72: =L71 -> * | AE72: =L72 -> * | AH72: E | AI72: =R70 -> F | AJ72: =R71 -> * | AK72: =R72 -> *

Sheet Tests To Binaries
A1: Tests | F1: Masks | K1: Values
A2: Relationship | B2: Region Test | C2: Exterior Test | D2: Hull Test | F2: Relationship | G2: Region | H2: External | I2: Hull | K2: Relationship | L2: Region | M2: External | N2: Hull
A3: ='DE-9IM Matrixes'!BA2 -> A Overlaps B | B3: ='DE-9IM Matrixes'!BB2 -> T*T***T** | C3: ='DE-9IM Matrixes'!BC2 -> ********* | D3: ='DE-9IM Matrixes'!BD2 -> ********* | F3: =A3 -> A Overlaps B | G3: =IF(ISBLANK(B3),0,SUBSTITUTE(SUBSTITUTE(SUBSTITUTE(B3,"*",0),"F","1"),"T",1)) -> 101000100 | H3: =IF(ISBLANK(C3),0,SUBSTITUTE(SUBSTITUTE(SUBSTITUTE(C3,"*",0),"F","1"),"T",1)) -> 000000000 | I3: =IF(ISBLANK(D3),0,SUBSTITUTE(SUBSTITUTE(SUBSTITUTE(D3,"*",0),"F","1"),"T",1)) -> 000000000 | K3: =A3 -> A Overlaps B | L3: =IF(ISBLANK(B3),0,SUBSTITUTE(SUBSTITUTE(SUBSTITUTE(B3,"*",0),"F","0"),"T",1)) -> 101000100 | M3: =IF(ISBLANK(C3),0,SUBSTITUTE(SUBSTITUTE(SUBSTITUTE(C3,"*",0),"F","0"),"T",1)) -> 000000000 | N3: =IF(ISBLANK(D3),0,SUBSTITUTE(SUBSTITUTE(SUBSTITUTE(D3,"*",0),"F","0"),"T",1)) -> 000000000
A4: ='DE-9IM Matrixes'!BA7 -> A is Partitioned by B | B4: ='DE-9IM Matrixes'!BB7 -> T*T*T*F** | C4: ='DE-9IM Matrixes'!BC7 -> ********* | D4: ='DE-9IM Matrixes'!BD7 -> ********* | F4: =A4 -> A is Partitioned by B | G4: =IF(ISBLANK(B4),0,SUBSTITUTE(SUBSTITUTE(SUBSTITUTE(B4,"*",0),"F","1"),"T",1)) -> 101010100 | H4: =IF(ISBLANK(C4),0,SUBSTITUTE(SUBSTITUTE(SUBSTITUTE(C4,"*",0),"F","1"),"T",1)) -> 000000000 | I4: =IF(ISBLANK(D4),0,SUBSTITUTE(SUBSTITUTE(SUBSTITUTE(D4,"*",0),"F","1"),"T",1)) -> 000000000 | K4: =A4 -> A is Partitioned by B | L4: =IF(ISBLANK(B4),0,SUBSTITUTE(SUBSTITUTE(SUBSTITUTE(B4,"*",0),"F","0"),"T",1)) -> 101010000 | M4: =IF(ISBLANK(C4),0,SUBSTITUTE(SUBSTITUTE(SUBSTITUTE(C4,"*",0),"F","0"),"T",1)) -> 000000000 | N4: =IF(ISBLANK(D4),0,SUBSTITUTE(SUBSTITUTE(SUBSTITUTE(D4,"*",0),"F","0"),"T",1)) -> 000000000
A5: ='DE-9IM Matrixes'!BA12 -> A Partitions B | B5: ='DE-9IM Matrixes'!BB12 -> T*F*T*T** | C5: ='DE-9IM Matrixes'!BC12 -> ********* | D5: ='DE-9IM Matrixes'!BD12 -> ********* | F5: =A5 -> A Partitions B | G5: =IF(ISBLANK(B5),0,SUBSTITUTE(SUBSTITUTE(SUBSTITUTE(B5,"*",0),"F","1"),"T",1)) -> 101010100 | H5: =IF(ISBLANK(C5),0,SUBSTITUTE(SUBSTITUTE(SUBSTITUTE(C5,"*",0),"F","1"),"T",1)) -> 000000000 | I5: =IF(ISBLANK(D5),0,SUBSTITUTE(SUBSTITUTE(SUBSTITUTE(D5,"*",0),"F","1"),"T",1)) -> 000000000 | K5: =A5 -> A Partitions B | L5: =IF(ISBLANK(B5),0,SUBSTITUTE(SUBSTITUTE(SUBSTITUTE(B5,"*",0),"F","0"),"T",1)) -> 100010100 | M5: =IF(ISBLANK(C5),0,SUBSTITUTE(SUBSTITUTE(SUBSTITUTE(C5,"*",0),"F","0"),"T",1)) -> 000000000 | N5: =IF(ISBLANK(D5),0,SUBSTITUTE(SUBSTITUTE(SUBSTITUTE(D5,"*",0),"F","0"),"T",1)) -> 000000000
A6: ='DE-9IM Matrixes'!BA17 -> A Equals B | B6: ='DE-9IM Matrixes'!BB17 -> T*F*T*F** | C6: ='DE-9IM Matrixes'!BC17 -> ********* | D6: ='DE-9IM Matrixes'!BD17 -> ********* | F6: =A6 -> A Equals B | G6: =IF(ISBLANK(B6),0,SUBSTITUTE(SUBSTITUTE(SUBSTITUTE(B6,"*",0),"F","1"),"T",1)) -> 101010100 | H6: =IF(ISBLANK(C6),0,SUBSTITUTE(SUBSTITUTE(SUBSTITUTE(C6,"*",0),"F","1"),"T",1)) -> 000000000 | I6: =IF(ISBLANK(D6),0,SUBSTITUTE(SUBSTITUTE(SUBSTITUTE(D6,"*",0),"F","1"),"T",1)) -> 000000000 | K6: =A6 -> A Equals B | L6: =IF(ISBLANK(B6),0,SUBSTITUTE(SUBSTITUTE(SUBSTITUTE(B6,"*",0),"F","0"),"T",1)) -> 100010000 | M6: =IF(ISBLANK(C6),0,SUBSTITUTE(SUBSTITUTE(SUBSTITUTE(C6,"*",0),"F","0"),"T",1)) -> 000000000 | N6: =IF(ISBLANK(D6),0,SUBSTITUTE(SUBSTITUTE(SUBSTITUTE(D6,"*",0),"F","0"),"T",1)) -> 000000000
A7: ='DE-9IM Matrixes'!BA22 -> A Confines B | B7: ='DE-9IM Matrixes'!BB22 -> F***T**** | C7: ='DE-9IM Matrixes'!BC22 -> T*T***F** | D7: ='DE-9IM Matrixes'!BD22 -> ********* | F7: =A7 -> A Confines B | G7: =IF(ISBLANK(B7),0,SUBSTITUTE(SUBSTITUTE(SUBSTITUTE(B7,"*",0),"F","1"),"T",1)) -> 100010000 | H7: =IF(ISBLANK(C7),0,SUBSTITUTE(SUBSTITUTE(SUBSTITUTE(C7,"*",0),"F","1"),"T",1)) -> 101000100 | I7: =IF(ISBLANK(D7),0,SUBSTITUTE(SUBSTITUTE(SUBSTITUTE(D7,"*",0),"F","1"),"T",1)) -> 000000000 | K7: =A7 -> A Confines B | L7: =IF(ISBLANK(B7),0,SUBSTITUTE(SUBSTITUTE(SUBSTITUTE(B7,"*",0),"F","0"),"T",1)) -> 000010000 | M7: =IF(ISBLANK(C7),0,SUBSTITUTE(SUBSTITUTE(SUBSTITUTE(C7,"*",0),"F","0"),"T",1)) -> 101000000 | N7: =IF(ISBLANK(D7),0,SUBSTITUTE(SUBSTITUTE(SUBSTITUTE(D7,"*",0),"F","0"),"T",1)) -> 000000000
A8: ='DE-9IM Matrixes'!BA27 -> A is Confined by B | B8: ='DE-9IM Matrixes'!BB27 -> F***T**** | C8: ='DE-9IM Matrixes'!BC27 -> T*F***T** | D8: ='DE-9IM Matrixes'!BD27 -> ********* | F8: =A8 -> A is Confined by B | G8: =IF(ISBLANK(B8),0,SUBSTITUTE(SUBSTITUTE(SUBSTITUTE(B8,"*",0),"F","1"),"T",1)) -> 100010000 | H8: =IF(ISBLANK(C8),0,SUBSTITUTE(SUBSTITUTE(SUBSTITUTE(C8,"*",0),"F","1"),"T",1)) -> 101000100 | I8: =IF(ISBLANK(D8),0,SUBSTITUTE(SUBSTITUTE(SUBSTITUTE(D8,"*",0),"F","1"),"T",1)) -> 000000000 | K8: =A8 -> A is Confined by B | L8: =IF(ISBLANK(B8),0,SUBSTITUTE(SUBSTITUTE(SUBSTITUTE(B8,"*",0),"F","0"),"T",1)) -> 000010000 | M8: =IF(ISBLANK(C8),0,SUBSTITUTE(SUBSTITUTE(SUBSTITUTE(C8,"*",0),"F","0"),"T",1)) -> 100000100 | N8: =IF(ISBLANK(D8),0,SUBSTITUTE(SUBSTITUTE(SUBSTITUTE(D8,"*",0),"F","0"),"T",1)) -> 000000000
A9: ='DE-9IM Matrixes'!BA32 -> A Borders B | B9: ='DE-9IM Matrixes'!BB32 -> F***T**** | C9: ='DE-9IM Matrixes'!BC32 -> F*T***T** | D9: ='DE-9IM Matrixes'!BD32 -> ********* | F9: =A9 -> A Borders B | G9: =IF(ISBLANK(B9),0,SUBSTITUTE(SUBSTITUTE(SUBSTITUTE(B9,"*",0),"F","1"),"T",1)) -> 100010000 | H9: =IF(ISBLANK(C9),0,SUBSTITUTE(SUBSTITUTE(SUBSTITUTE(C9,"*",0),"F","1"),"T",1)) -> 101000100 | I9: =IF(ISBLANK(D9),0,SUBSTITUTE(SUBSTITUTE(SUBSTITUTE(D9,"*",0),"F","1"),"T",1)) -> 000000000 | K9: =A9 -> A Borders B | L9: =IF(ISBLANK(B9),0,SUBSTITUTE(SUBSTITUTE(SUBSTITUTE(B9,"*",0),"F","0"),"T",1)) -> 000010000 | M9: =IF(ISBLANK(C9),0,SUBSTITUTE(SUBSTITUTE(SUBSTITUTE(C9,"*",0),"F","0"),"T",1)) -> 001000100 | N9: =IF(ISBLANK(D9),0,SUBSTITUTE(SUBSTITUTE(SUBSTITUTE(D9,"*",0),"F","0"),"T",1)) -> 000000000
A10: ='DE-9IM Matrixes'!BA37 -> A Contains B | B10: ='DE-9IM Matrixes'!BB37 -> T*T*F*F** | C10: ='DE-9IM Matrixes'!BC37 -> ********* | D10: ='DE-9IM Matrixes'!BD37 -> ********* | F10: =A10 -> A Contains B | G10: =IF(ISBLANK(B10),0,SUBSTITUTE(SUBSTITUTE(SUBSTITUTE(B10,"*",0),"F","1"),"T",1)) -> 101010100 | H10: =IF(ISBLANK(C10),0,SUBSTITUTE(SUBSTITUTE(SUBSTITUTE(C10,"*",0),"F","1"),"T",1)) -> 000000000 | I10: =IF(ISBLANK(D10),0,SUBSTITUTE(SUBSTITUTE(SUBSTITUTE(D10,"*",0),"F","1"),"T",1)) -> 000000000 | K10: =A10 -> A Contains B | L10: =IF(ISBLANK(B10),0,SUBSTITUTE(SUBSTITUTE(SUBSTITUTE(B10,"*",0),"F","0"),"T",1)) -> 101000000 | M10: =IF(ISBLANK(C10),0,SUBSTITUTE(SUBSTITUTE(SUBSTITUTE(C10,"*",0),"F","0"),"T",1)) -> 000000000 | N10: =IF(ISBLANK(D10),0,SUBSTITUTE(SUBSTITUTE(SUBSTITUTE(D10,"*",0),"F","0"),"T",1)) -> 000000000
A11: ='DE-9IM Matrixes'!BA42 -> A is Within B | B11: ='DE-9IM Matrixes'!BB42 -> T*F*F*T** | C11: ='DE-9IM Matrixes'!BC42 -> ********* | D11: ='DE-9IM Matrixes'!BD42 -> ********* | F11: =A11 -> A is Within B | G11: =IF(ISBLANK(B11),0,SUBSTITUTE(SUBSTITUTE(SUBSTITUTE(B11,"*",0),"F","1"),"T",1)) -> 101010100 | H11: =IF(ISBLANK(C11),0,SUBSTITUTE(SUBSTITUTE(SUBSTITUTE(C11,"*",0),"F","1"),"T",1)) -> 000000000 | I11: =IF(ISBLANK(D11),0,SUBSTITUTE(SUBSTITUTE(SUBSTITUTE(D11,"*",0),"F","1"),"T",1)) -> 000000000 | K11: =A11 -> A is Within B | L11: =IF(ISBLANK(B11),0,SUBSTITUTE(SUBSTITUTE(SUBSTITUTE(B11,"*",0),"F","0"),"T",1)) -> 100000100 | M11: =IF(ISBLANK(C11),0,SUBSTITUTE(SUBSTITUTE(SUBSTITUTE(C11,"*",0),"F","0"),"T",1)) -> 000000000 | N11: =IF(ISBLANK(D11),0,SUBSTITUTE(SUBSTITUTE(SUBSTITUTE(D11,"*",0),"F","0"),"T",1)) -> 000000000
A12: ='DE-9IM Matrixes'!BA47 -> A Surrounds B | B12: ='DE-9IM Matrixes'!BB47 -> F***F**** | C12: ='DE-9IM Matrixes'!BC47 -> T*T***F** | D12: ='DE-9IM Matrixes'!BD47 -> ********* | F12: =A12 -> A Surrounds B | G12: =IF(ISBLANK(B12),0,SUBSTITUTE(SUBSTITUTE(SUBSTITUTE(B12,"*",0),"F","1"),"T",1)) -> 100010000 | H12: =IF(ISBLANK(C12),0,SUBSTITUTE(SUBSTITUTE(SUBSTITUTE(C12,"*",0),"F","1"),"T",1)) -> 101000100 | I12: =IF(ISBLANK(D12),0,SUBSTITUTE(SUBSTITUTE(SUBSTITUTE(D12,"*",0),"F","1"),"T",1)) -> 000000000 | K12: =A12 -> A Surrounds B | L12: =IF(ISBLANK(B12),0,SUBSTITUTE(SUBSTITUTE(SUBSTITUTE(B12,"*",0),"F","0"),"T",1)) -> 000000000 | M12: =IF(ISBLANK(C12),0,SUBSTITUTE(SUBSTITUTE(SUBSTITUTE(C12,"*",0),"F","0"),"T",1)) -> 101000000 | N12: =IF(ISBLANK(D12),0,SUBSTITUTE(SUBSTITUTE(SUBSTITUTE(D12,"*",0),"F","0"),"T",1)) -> 000000000
A13: ='DE-9IM Matrixes'!BA52 -> A is Enclosed by B | B13: ='DE-9IM Matrixes'!BB52 -> F***F**** | C13: ='DE-9IM Matrixes'!BC52 -> T*F***T** | D13: ='DE-9IM Matrixes'!BD52 -> ********* | F13: =A13 -> A is Enclosed by B | G13: =IF(ISBLANK(B13),0,SUBSTITUTE(SUBSTITUTE(SUBSTITUTE(B13,"*",0),"F","1"),"T",1)) -> 100010000 | H13: =IF(ISBLANK(C13),0,SUBSTITUTE(SUBSTITUTE(SUBSTITUTE(C13,"*",0),"F","1"),"T",1)) -> 101000100 | I13: =IF(ISBLANK(D13),0,SUBSTITUTE(SUBSTITUTE(SUBSTITUTE(D13,"*",0),"F","1"),"T",1)) -> 000000000 | K13: =A13 -> A is Enclosed by B | L13: =IF(ISBLANK(B13),0,SUBSTITUTE(SUBSTITUTE(SUBSTITUTE(B13,"*",0),"F","0"),"T",1)) -> 000000000 | M13: =IF(ISBLANK(C13),0,SUBSTITUTE(SUBSTITUTE(SUBSTITUTE(C13,"*",0),"F","0"),"T",1)) -> 100000100 | N13: =IF(ISBLANK(D13),0,SUBSTITUTE(SUBSTITUTE(SUBSTITUTE(D13,"*",0),"F","0"),"T",1)) -> 000000000
A14: ='DE-9IM Matrixes'!BA57 -> A is Disjoint with B | B14: ='DE-9IM Matrixes'!BB57 -> F***F**** | C14: ='DE-9IM Matrixes'!BC57 -> **T***T** | D14: ='DE-9IM Matrixes'!BD57 -> **T***T** | F14: =A14 -> A is Disjoint with B | G14: =IF(ISBLANK(B14),0,SUBSTITUTE(SUBSTITUTE(SUBSTITUTE(B14,"*",0),"F","1"),"T",1)) -> 100010000 | H14: =IF(ISBLANK(C14),0,SUBSTITUTE(SUBSTITUTE(SUBSTITUTE(C14,"*",0),"F","1"),"T",1)) -> 001000100 | I14: =IF(ISBLANK(D14),0,SUBSTITUTE(SUBSTITUTE(SUBSTITUTE(D14,"*",0),"F","1"),"T",1)) -> 001000100 | K14: =A14 -> A is Disjoint with B | L14: =IF(ISBLANK(B14),0,SUBSTITUTE(SUBSTITUTE(SUBSTITUTE(B14,"*",0),"F","0"),"T",1)) -> 000000000 | M14: =IF(ISBLANK(C14),0,SUBSTITUTE(SUBSTITUTE(SUBSTITUTE(C14,"*",0),"F","0"),"T",1)) -> 001000100 | N14: =IF(ISBLANK(D14),0,SUBSTITUTE(SUBSTITUTE(SUBSTITUTE(D14,"*",0),"F","0"),"T",1)) -> 001000100
A15: ='DE-9IM Matrixes'!BA62 -> A Shelters B | B15: ='DE-9IM Matrixes'!BB62 -> F*T*F*T** | C15: ='DE-9IM Matrixes'!BC62 -> F******** | D15: ='DE-9IM Matrixes'!BD62 -> T*T***F** | F15: =A15 -> A Shelters B | G15: =IF(ISBLANK(B15),0,SUBSTITUTE(SUBSTITUTE(SUBSTITUTE(B15,"*",0),"F","1"),"T",1)) -> 101010100 | H15: =IF(ISBLANK(C15),0,SUBSTITUTE(SUBSTITUTE(SUBSTITUTE(C15,"*",0),"F","1"),"T",1)) -> 100000000 | I15: =IF(ISBLANK(D15),0,SUBSTITUTE(SUBSTITUTE(SUBSTITUTE(D15,"*",0),"F","1"),"T",1)) -> 101000100 | K15: =A15 -> A Shelters B | L15: =IF(ISBLANK(B15),0,SUBSTITUTE(SUBSTITUTE(SUBSTITUTE(B15,"*",0),"F","0"),"T",1)) -> 001000100 | M15: =IF(ISBLANK(C15),0,SUBSTITUTE(SUBSTITUTE(SUBSTITUTE(C15,"*",0),"F","0"),"T",1)) -> 000000000 | N15: =IF(ISBLANK(D15),0,SUBSTITUTE(SUBSTITUTE(SUBSTITUTE(D15,"*",0),"F","0"),"T",1)) -> 101000000
A16: ='DE-9IM Matrixes'!BA67 -> A is Sheltered by B | B16: ='DE-9IM Matrixes'!BB67 -> F*T*F*T** | C16: ='DE-9IM Matrixes'!BC67 -> F******** | D16: ='DE-9IM Matrixes'!BD67 -> T*F***T** | F16: =A16 -> A is Sheltered by B | G16: =IF(ISBLANK(B16),0,SUBSTITUTE(SUBSTITUTE(SUBSTITUTE(B16,"*",0),"F","1"),"T",1)) -> 101010100 | H16: =IF(ISBLANK(C16),0,SUBSTITUTE(SUBSTITUTE(SUBSTITUTE(C16,"*",0),"F","1"),"T",1)) -> 100000000 | I16: =IF(ISBLANK(D16),0,SUBSTITUTE(SUBSTITUTE(SUBSTITUTE(D16,"*",0),"F","1"),"T",1)) -> 101000100 | K16: =A16 -> A is Sheltered by B | L16: =IF(ISBLANK(B16),0,SUBSTITUTE(SUBSTITUTE(SUBSTITUTE(B16,"*",0),"F","0"),"T",1)) -> 001000100 | M16: =IF(ISBLANK(C16),0,SUBSTITUTE(SUBSTITUTE(SUBSTITUTE(C16,"*",0),"F","0"),"T",1)) -> 000000000 | N16: =IF(ISBLANK(D16),0,SUBSTITUTE(SUBSTITUTE(SUBSTITUTE(D16,"*",0),"F","0"),"T",1)) -> 100000100

Sheet As Json
A1: {"Relationships":[{
A2: =_xlfn.CONCAT("'relation_type': '",UPPER(TRIM(SUBSTITUTE(SUBSTITUTE(SUBSTITUTE(SUBSTITUTE(RIGHT(A3,LEN(A3)-10),"is",""),"by",""),"with",""),"joi","isjoi")))) -> 'relation_type': 'OVERLAPS',
A3: =_xlfn.CONCAT("'label': '",TRIM(SUBSTITUTE(SUBSTITUTE(SUBSTITUTE('Tests To Binaries'!K3,"A ",""),"B"," ")," o"," Bo")),"',") -> 'label': 'Overlaps',
A4: =_xlfn.CONCAT("'pattern': '",'Tests To Binaries'!B3,"\t",'Tests To Binaries'!C3,"\t",'Tests To Binaries'!D3,"',") -> 'pattern': 'T*T***T**\t*********\t*********',
A5: =_xlfn.CONCAT("'mask': '0b",'Tests To Binaries'!G3,'Tests To Binaries'!H3,'Tests To Binaries'!I3,"',") -> 'mask': '0b101000100000000000000000000',
A6: =_xlfn.CONCAT("'value': '0b",'Tests To Binaries'!L3,'Tests To Binaries'!M3,'Tests To Binaries'!N3,"',") -> 'value': '0b101000100000000000000000000',
A7: },{
A8: =_xlfn.CONCAT("'relation_type': '",UPPER(TRIM(SUBSTITUTE(SUBSTITUTE(SUBSTITUTE(SUBSTITUTE(RIGHT(A9,LEN(A9)-10),"is",""),"by",""),"with",""),"joi","isjoi")))) -> 'relation_type': 'PARTITIONED ',
A9: =_xlfn.CONCAT("'label': '",TRIM(SUBSTITUTE(SUBSTITUTE(SUBSTITUTE('Tests To Binaries'!K4,"A ",""),"B"," ")," o"," Bo")),"',") -> 'label': 'is Partitioned by',
A10: =_xlfn.CONCAT("'pattern': '",'Tests To Binaries'!B4,"\t",'Tests To Binaries'!C4,"\t",'Tests To Binaries'!D4,"',") -> 'pattern': 'T*T*T*F**\t*********\t*********',
A11: =_xlfn.CONCAT("'mask': '0b",'Tests To Binaries'!G4,'Tests To Binaries'!H4,'Tests To Binaries'!I4,"',") -> 'mask': '0b101010100000000000000000000',
A12: =_xlfn.CONCAT("'value': '0b",'Tests To Binaries'!L4,'Tests To Binaries'!M4,'Tests To Binaries'!N4,"',") -> 'value': '0b101010000000000000000000000',
A13: },{
A14: =_xlfn.CONCAT("'relation_type': '",UPPER(TRIM(SUBSTITUTE(SUBSTITUTE(SUBSTITUTE(SUBSTITUTE(RIGHT(A15,LEN(A15)-10),"is",""),"by",""),"with",""),"joi","isjoi")))) -> 'relation_type': 'PARTITIONS',
A15: =_xlfn.CONCAT("'label': '",TRIM(SUBSTITUTE(SUBSTITUTE(SUBSTITUTE('Tests To Binaries'!K5,"A ",""),"B"," ")," o"," Bo")),"',") -> 'label': 'Partitions',
A16: =_xlfn.CONCAT("'pattern': '",'Tests To Binaries'!B5,"\t",'Tests To Binaries'!C5,"\t",'Tests To Binaries'!D5,"',") -> 'pattern': 'T*F*T*T**\t*********\t*********',
A17: =_xlfn.CONCAT("'mask': '0b",'Tests To Binaries'!G5,'Tests To Binaries'!H5,'Tests To Binaries'!I5,"',") -> 'mask': '0b101010100000000000000000000',
A18: =_xlfn.CONCAT("'value': '0b",'Tests To Binaries'!L5,'Tests To Binaries'!M5,'Tests To Binaries'!N5,"',") -> 'value': '0b100010100000000000000000000',
A19: },{
A20: =_xlfn.CONCAT("'relation_type': '",UPPER(TRIM(SUBSTITUTE(SUBSTITUTE(SUBSTITUTE(SUBSTITUTE(RIGHT(A21,LEN(A21)-10),"is",""),"by",""),"with",""),"joi","isjoi")))) -> 'relation_type': 'EQUALS',
A21: =_xlfn.CONCAT("'label': '",TRIM(SUBSTITUTE(SUBSTITUTE(SUBSTITUTE('Tests To Binaries'!K6,"A ",""),"B"," ")," o"," Bo")),"',") -> 'label': 'Equals',
A22: =_xlfn.CONCAT("'pattern': '",'Tests To Binaries'!B6,"\t",'Tests To Binaries'!C6,"\t",'Tests To Binaries'!D6,"',") -> 'pattern': 'T*F*T*F**\t*********\t*********',
A23: =_xlfn.CONCAT("'mask': '0b",'Tests To Binaries'!G6,'Tests To Binaries'!H6,'Tests To Binaries'!I6,"',") -> 'mask': '0b101010100000000000000000000',
A24: =_xlfn.CONCAT("'value': '0b",'Tests To Binaries'!L6,'Tests To Binaries'!M6,'Tests To Binaries'!N6,"',") -> 'value': '0b100010000000000000000000000',
A25: },{
A26: =_xlfn.CONCAT("'relation_type': '",UPPER(TRIM(SUBSTITUTE(SUBSTITUTE(SUBSTITUTE(SUBSTITUTE(RIGHT(A27,LEN(A27)-10),"is",""),"by",""),"with",""),"joi","isjoi")))) -> 'relation_type': 'CONFINES',
A27: =_xlfn.CONCAT("'label': '",TRIM(SUBSTITUTE(SUBSTITUTE(SUBSTITUTE('Tests To Binaries'!K7,"A ",""),"B"," ")," o"," Bo")),"',") -> 'label': 'Confines',
A28: =_xlfn.CONCAT("'pattern': '",'Tests To Binaries'!B7,"\t",'Tests To Binaries'!C7,"\t",'Tests To Binaries'!D7,"',") -> 'pattern': 'F***T****\tT*T***F**\t*********',
A29: =_xlfn.CONCAT("'mask': '0b",'Tests To Binaries'!G7,'Tests To Binaries'!H7,'Tests To Binaries'!I7,"',") -> 'mask': '0b100010000101000100000000000',
A30: =_xlfn.CONCAT("'value': '0b",'Tests To Binaries'!L7,'Tests To Binaries'!M7,'Tests To Binaries'!N7,"',") -> 'value': '0b000010000101000000000000000',
A31: },{
A32: =_xlfn.CONCAT("'relation_type': '",UPPER(TRIM(SUBSTITUTE(SUBSTITUTE(SUBSTITUTE(SUBSTITUTE(RIGHT(A33,LEN(A33)-10),"is",""),"by",""),"with",""),"joi","isjoi")))) -> 'relation_type': 'CONFINED ',
A33: =_xlfn.CONCAT("'label': '",TRIM(SUBSTITUTE(SUBSTITUTE(SUBSTITUTE('Tests To Binaries'!K8,"A ",""),"B"," ")," o"," Bo")),"',") -> 'label': 'is Confined by',
A34: =_xlfn.CONCAT("'pattern': '",'Tests To Binaries'!B8,"\t",'Tests To Binaries'!C8,"\t",'Tests To Binaries'!D8,"',") -> 'pattern': 'F***T****\tT*F***T**\t*********',
A35: =_xlfn.CONCAT("'mask': '0b",'Tests To Binaries'!G8,'Tests To Binaries'!H8,'Tests To Binaries'!I8,"',") -> 'mask': '0b100010000101000100000000000',
A36: =_xlfn.CONCAT("'value': '0b",'Tests To Binaries'!L8,'Tests To Binaries'!M8,'Tests To Binaries'!N8,"',") -> 'value': '0b000010000100000100000000000',
A37: },{
A38: =_xlfn.CONCAT("'relation_type': '",UPPER(TRIM(SUBSTITUTE(SUBSTITUTE(SUBSTITUTE(SUBSTITUTE(RIGHT(A39,LEN(A39)-10),"is",""),"by",""),"with",""),"joi","isjoi")))) -> 'relation_type': 'BORDERS',
A39: =_xlfn.CONCAT("'label': '",TRIM(SUBSTITUTE(SUBSTITUTE(SUBSTITUTE('Tests To Binaries'!K9,"A ",""),"B"," ")," o"," Bo")),"',") -> 'label': 'Borders',
A40: =_xlfn.CONCAT("'pattern': '",'Tests To Binaries'!B9,"\t",'Tests To Binaries'!C9,"\t",'Tests To Binaries'!D9,"',") -> 'pattern': 'F***T****\tF*T***T**\t*********',
A41: =_xlfn.CONCAT("'mask': '0b",'Tests To Binaries'!G9,'Tests To Binaries'!H9,'Tests To Binaries'!I9,"',") -> 'mask': '0b100010000101000100000000000',
A42: =_xlfn.CONCAT("'value': '0b",'Tests To Binaries'!L9,'Tests To Binaries'!M9,'Tests To Binaries'!N9,"',") -> 'value': '0b000010000001000100000000000',
A43: },{
A44: =_xlfn.CONCAT("'relation_type': '",UPPER(TRIM(SUBSTITUTE(SUBSTITUTE(SUBSTITUTE(SUBSTITUTE(RIGHT(A45,LEN(A45)-10),"is",""),"by",""),"with",""),"joi","isjoi")))) -> 'relation_type': 'CONTAINS',
A45: =_xlfn.CONCAT("'label': '",TRIM(SUBSTITUTE(SUBSTITUTE(SUBSTITUTE('Tests To Binaries'!K10,"A ",""),"B"," ")," o"," Bo")),"',") -> 'label': 'Contains',
A46: =_xlfn.CONCAT("'pattern': '",'Tests To Binaries'!B10,"\t",'Tests To Binaries'!C10,"\t",'Tests To Binaries'!D10,"',") -> 'pattern': 'T*T*F*F**\t*********\t*********',
A47: =_xlfn.CONCAT("'mask': '0b",'Tests To Binaries'!G10,'Tests To Binaries'!H10,'Tests To Binaries'!I10,"',") -> 'mask': '0b101010100000000000000000000',
A48: =_xlfn.CONCAT("'value': '0b",'Tests To Binaries'!L10,'Tests To Binaries'!M10,'Tests To Binaries'!N10,"',") -> 'value': '0b101000000000000000000000000',
A49: },{
A50: =_xlfn.CONCAT("'relation_type': '",UPPER(TRIM(SUBSTITUTE(SUBSTITUTE(SUBSTITUTE(SUBSTITUTE(RIGHT(A51,LEN(A51)-10),"is",""),"by",""),"with",""),"joi","isjoi")))) -> 'relation_type': 'WITHIN',
A51: =_xlfn.CONCAT("'label': '",TRIM(SUBSTITUTE(SUBSTITUTE(SUBSTITUTE('Tests To Binaries'!K11,"A ",""),"B"," ")," o"," Bo")),"',") -> 'label': 'is Within',
A52: =_xlfn.CONCAT("'pattern': '",'Tests To Binaries'!B11,"\t",'Tests To Binaries'!C11,"\t",'Tests To Binaries'!D11,"',") -> 'pattern': 'T*F*F*T**\t*********\t*********',
A53: =_xlfn.CONCAT("'mask': '0b",'Tests To Binaries'!G11,'Tests To Binaries'!H11,'Tests To Binaries'!I11,"',") -> 'mask': '0b101010100000000000000000000',
A54: =_xlfn.CONCAT("'value': '0b",'Tests To Binaries'!L11,'Tests To Binaries'!M11,'Tests To Binaries'!N11,"',") -> 'value': '0b100000100000000000000000000',
A55: },{
A56: =_xlfn.CONCAT("'relation_type': '",UPPER(TRIM(SUBSTITUTE(SUBSTITUTE(SUBSTITUTE(SUBSTITUTE(RIGHT(A57,LEN(A57)-10),"is",""),"by",""),"with",""),"joi","isjoi")))) -> 'relation_type': 'SURROUNDS',
A57: =_xlfn.CONCAT("'label': '",TRIM(SUBSTITUTE(SUBSTITUTE(SUBSTITUTE('Tests To Binaries'!K12,"A ",""),"B"," ")," o"," Bo")),"',") -> 'label': 'Surrounds',
A58: =_xlfn.CONCAT("'pattern': '",'Tests To Binaries'!B12,"\t",'Tests To Binaries'!C12,"\t",'Tests To Binaries'!D12,"',") -> 'pattern': 'F***F****\tT*T***F**\t*********',
A59: =_xlfn.CONCAT("'mask': '0b",'Tests To Binaries'!G12,'Tests To Binaries'!H12,'Tests To Binaries'!I12,"',") -> 'mask': '0b100010000101000100000000000',
A60: =_xlfn.CONCAT("'value': '0b",'Tests To Binaries'!L12,'Tests To Binaries'!M12,'Tests To Binaries'!N12,"',") -> 'value': '0b000000000101000000000000000',
A61: },{
A62: =_xlfn.CONCAT("'relation_type': '",UPPER(TRIM(SUBSTITUTE(SUBSTITUTE(SUBSTITUTE(SUBSTITUTE(RIGHT(A63,LEN(A63)-10),"is",""),"by",""),"with",""),"joi","isjoi")))) -> 'relation_type': 'ENCLOSED ',
A63: =_xlfn.CONCAT("'label': '",TRIM(SUBSTITUTE(SUBSTITUTE(SUBSTITUTE('Tests To Binaries'!K13,"A ",""),"B"," ")," o"," Bo")),"',") -> 'label': 'is Enclosed by',
A64: =_xlfn.CONCAT("'pattern': '",'Tests To Binaries'!B13,"\t",'Tests To Binaries'!C13,"\t",'Tests To Binaries'!D13,"',") -> 'pattern': 'F***F****\tT*F***T**\t*********',
A65: =_xlfn.CONCAT("'mask': '0b",'Tests To Binaries'!G13,'Tests To Binaries'!H13,'Tests To Binaries'!I13,"',") -> 'mask': '0b100010000101000100000000000',
A66: =_xlfn.CONCAT("'value': '0b",'Tests To Binaries'!L13,'Tests To Binaries'!M13,'Tests To Binaries'!N13,"',") -> 'value': '0b000000000100000100000000000',
A67: },{
A68: =_xlfn.CONCAT("'relation_type': '",UPPER(TRIM(SUBSTITUTE(SUBSTITUTE(SUBSTITUTE(SUBSTITUTE(RIGHT(A69,LEN(A69)-10),"is",""),"by",""),"with",""),"joi","isjoi")))) -> 'relation_type': 'DISJOINT ',
A69: =_xlfn.CONCAT("'label': '",TRIM(SUBSTITUTE(SUBSTITUTE(SUBSTITUTE('Tests To Binaries'!K14,"A ",""),"B"," ")," o"," Bo")),"',") -> 'label': 'is Disjoint with',
A70: =_xlfn.CONCAT("'pattern': '",'Tests To Binaries'!B14,"\t",'Tests To Binaries'!C14,"\t",'Tests To Binaries'!D14,"',") -> 'pattern': 'F***F****\t**T***T**\t**T***T**',
A71: =_xlfn.CONCAT("'mask': '0b",'Tests To Binaries'!G14,'Tests To Binaries'!H14,'Tests To Binaries'!I14,"',") -> 'mask': '0b100010000001000100001000100',
A72: =_xlfn.CONCAT("'value': '0b",'Tests To Binaries'!L14,'Tests To Binaries'!M14,'Tests To Binaries'!N14,"',") -> 'value': '0b000000000001000100001000100',
A73: },{
A74: =_xlfn.CONCAT("'relation_type': '",UPPER(TRIM(SUBSTITUTE(SUBSTITUTE(SUBSTITUTE(SUBSTITUTE(RIGHT(A75,LEN(A75)-10),"is",""),"by",""),"with",""),"joi","isjoi")))) -> 'relation_type': 'SHELTERS',
A75: =_xlfn.CONCAT("'label': '",TRIM(SUBSTITUTE(SUBSTITUTE(SUBSTITUTE('Tests To Binaries'!K15,"A ",""),"B"," ")," o"," Bo")),"',") -> 'label': 'Shelters',
A76: =_xlfn.CONCAT("'pattern': '",'Tests To Binaries'!B15,"\t",'Tests To Binaries'!C15,"\t",'Tests To Binaries'!D15,"',") -> 'pattern': 'F*T*F*T**\tF********\tT*T***F**',
A77: =_xlfn.CONCAT("'mask': '0b",'Tests To Binaries'!G15,'Tests To Binaries'!H15,'Tests To Binaries'!I15,"',") -> 'mask': '0b101010100100000000101000100',
A78: =_xlfn.CONCAT("'value': '0b",'Tests To Binaries'!L15,'Tests To Binaries'!M15,'Tests To Binaries'!N15,"',") -> 'value': '0b001000100000000000101000000',
A79: },{
A80: =_xlfn.CONCAT("'relation_type': '",UPPER(TRIM(SUBSTITUTE(SUBSTITUTE(SUBSTITUTE(SUBSTITUTE(RIGHT(A81,LEN(A81)-10),"is",""),"by",""),"with",""),"joi","isjoi")))) -> 'relation_type': 'SHELTERED ',
A81: =_xlfn.CONCAT("'label': '",TRIM(SUBSTITUTE(SUBSTITUTE(SUBSTITUTE('Tests To Binaries'!K16,"A ",""),"B"," ")," o"," Bo")),"',") -> 'label': 'is Sheltered by',
A82: =_xlfn.CONCAT("'pattern': '",'Tests To Binaries'!B16,"\t",'Tests To Binaries'!C16,"\t",'Tests To Binaries'!D16,"',") -> 'pattern': 'F*T*F*T**\tF********\tT*F***T**',
A83: =_xlfn.CONCAT("'mask': '0b",'Tests To Binaries'!G16,'Tests To Binaries'!H16,'Tests To Binaries'!I16,"',") -> 'mask': '0b101010100100000000101000100',
A84: =_xlfn.CONCAT("'value': '0b",'Tests To Binaries'!L16,'Tests To Binaries'!M16,'Tests To Binaries'!N16,"',") -> 'value': '0b001000100000000000100000100',
A85: }]}

Sheet Combined
A1: Relationship | B1: Binary Groups | E1: Relationship | F1: Type | G1: Region | H1: External | I1: Hull
A2: ='Tests To Binaries'!A3 -> A Overlaps B | B2: Mask | C2: =CONCATENATE("(",G2,", ",H2,", ",I2,")") -> (101000100, 000000000, 000000000) | E2: =A2 -> A Overlaps B | F2: =B2 -> Mask | G2: =IF(EXACT($F2,"Mask"),VLOOKUP($E2,Masks[],MATCH(G$1,Masks[#Headers],0),FALSE),IF(EXACT($F2,"Value"),VLOOKUP($E2,Values[],MATCH(G$1,Values[#Headers],0),FALSE),"")) -> 101000100 | H2: =IF(EXACT($F2,"Mask"),VLOOKUP($E2,Masks[],MATCH(H$1,Masks[#Headers],0),FALSE),IF(EXACT($F2,"Value"),VLOOKUP($E2,Values[],MATCH(H$1,Values[#Headers],0),FALSE),"")) -> 000000000 | I2: =IF(EXACT($F2,"Mask"),VLOOKUP($E2,Masks[],MATCH(I$1,Masks[#Headers],0),FALSE),IF(EXACT($F2,"Value"),VLOOKUP($E2,Values[],MATCH(I$1,Values[#Headers],0),FALSE),"")) -> 000000000
A3: ='Tests To Binaries'!A3 -> A Overlaps B | B3: Value | C3: =CONCATENATE("(",G3,", ",H3,", ",I3,")") -> (101000100, 000000000, 000000000) | E3: =A3 -> A Overlaps B | F3: =B3 -> Value | G3: =IF(EXACT($F3,"Mask"),VLOOKUP($E3,Masks[],MATCH(G$1,Masks[#Headers],0),FALSE),IF(EXACT($F3,"Value"),VLOOKUP($E3,Values[],MATCH(G$1,Values[#Headers],0),FALSE),"")) -> 101000100 | H3: =IF(EXACT($F3,"Mask"),VLOOKUP($E3,Masks[],MATCH(H$1,Masks[#Headers],0),FALSE),IF(EXACT($F3,"Value"),VLOOKUP($E3,Values[],MATCH(H$1,Values[#Headers],0),FALSE),"")) -> 000000000 | I3: =IF(EXACT($F3,"Mask"),VLOOKUP($E3,Masks[],MATCH(I$1,Masks[#Headers],0),FALSE),IF(EXACT($F3,"Value"),VLOOKUP($E3,Values[],MATCH(I$1,Values[#Headers],0),FALSE),"")) -> 000000000
A4: ='Tests To Binaries'!A4 -> A is Partitioned by B | B4: Mask | C4: =CONCATENATE("(",G4,", ",H4,", ",I4,")") -> (101010100, 000000000, 000000000) | E4: =A4 -> A is Partitioned by B | F4: =B4 -> Mask | G4: =IF(EXACT($F4,"Mask"),VLOOKUP($E4,Masks[],MATCH(G$1,Masks[#Headers],0),FALSE),IF(EXACT($F4,"Value"),VLOOKUP($E4,Values[],MATCH(G$1,Values[#Headers],0),FALSE),"")) -> 101010100 | H4: =IF(EXACT($F4,"Mask"),VLOOKUP($E4,Masks[],MATCH(H$1,Masks[#Headers],0),FALSE),IF(EXACT($F4,"Value"),VLOOKUP($E4,Values[],MATCH(H$1,Values[#Headers],0),FALSE),"")) -> 000000000 | I4: =IF(EXACT($F4,"Mask"),VLOOKUP($E4,Masks[],MATCH(I$1,Masks[#Headers],0),FALSE),IF(EXACT($F4,"Value"),VLOOKUP($E4,Values[],MATCH(I$1,Values[#Headers],0),FALSE),"")) -> 000000000
A5: ='Tests To Binaries'!A4 -> A is Partitioned by B | B5: Value | C5: =CONCATENATE("(",G5,", ",H5,", ",I5,")") -> (101010000, 000000000, 000000000) | E5: =A5 -> A is Partitioned by B | F5: =B5 -> Value | G5: =IF(EXACT($F5,"Mask"),VLOOKUP($E5,Masks[],MATCH(G$1,Masks[#Headers],0),FALSE),IF(EXACT($F5,"Value"),VLOOKUP($E5,Values[],MATCH(G$1,Values[#Headers],0),FALSE),"")) -> 101010000 | H5: =IF(EXACT($F5,"Mask"),VLOOKUP($E5,Masks[],MATCH(H$1,Masks[#Headers],0),FALSE),IF(EXACT($F5,"Value"),VLOOKUP($E5,Values[],MATCH(H$1,Values[#Headers],0),FALSE),"")) -> 000000000 | I5: =IF(EXACT($F5,"Mask"),VLOOKUP($E5,Masks[],MATCH(I$1,Masks[#Headers],0),FALSE),IF(EXACT($F5,"Value"),VLOOKUP($E5,Values[],MATCH(I$1,Values[#Headers],0),FALSE),"")) -> 000000000
A6: ='Tests To Binaries'!A5 -> A Partitions B | B6: Mask | C6: =CONCATENATE("(",G6,", ",H6,", ",I6,")") -> (101010100, 000000000, 000000000) | E6: =A6 -> A Partitions B | F6: =B6 -> Mask | G6: =IF(EXACT($F6,"Mask"),VLOOKUP($E6,Masks[],MATCH(G$1,Masks[#Headers],0),FALSE),IF(EXACT($F6,"Value"),VLOOKUP($E6,Values[],MATCH(G$1,Values[#Headers],0),FALSE),"")) -> 101010100 | H6: =IF(EXACT($F6,"Mask"),VLOOKUP($E6,Masks[],MATCH(H$1,Masks[#Headers],0),FALSE),IF(EXACT($F6,"Value"),VLOOKUP($E6,Values[],MATCH(H$1,Values[#Headers],0),FALSE),"")) -> 000000000 | I6: =IF(EXACT($F6,"Mask"),VLOOKUP($E6,Masks[],MATCH(I$1,Masks[#Headers],0),FALSE),IF(EXACT($F6,"Value"),VLOOKUP($E6,Values[],MATCH(I$1,Values[#Headers],0),FALSE),"")) -> 000000000
A7: ='Tests To Binaries'!A5 -> A Partitions B | B7: Value | C7: =CONCATENATE("(",G7,", ",H7,", ",I7,")") -> (100010100, 000000000, 000000000) | E7: =A7 -> A Partitions B | F7: =B7 -> Value | G7: =IF(EXACT($F7,"Mask"),VLOOKUP($E7,Masks[],MATCH(G$1,Masks[#Headers],0),FALSE),IF(EXACT($F7,"Value"),VLOOKUP($E7,Values[],MATCH(G$1,Values[#Headers],0),FALSE),"")) -> 100010100 | H7: =IF(EXACT($F7,"Mask"),VLOOKUP($E7,Masks[],MATCH(H$1,Masks[#Headers],0),FALSE),IF(EXACT($F7,"Value"),VLOOKUP($E7,Values[],MATCH(H$1,Values[#Headers],0),FALSE),"")) -> 000000000 | I7: =IF(EXACT($F7,"Mask"),VLOOKUP($E7,Masks[],MATCH(I$1,Masks[#Headers],0),FALSE),IF(EXACT($F7,"Value"),VLOOKUP($E7,Values[],MATCH(I$1,Values[#Headers],0),FALSE),"")) -> 000000000
A8: ='Tests To Binaries'!A6 -> A Equals B | B8: Mask | C8: =CONCATENATE("(",G8,", ",H8,", ",I8,")") -> (101010100, 000000000, 000000000) | E8: =A8 -> A Equals B | F8: =B8 -> Mask | G8: =IF(EXACT($F8,"Mask"),VLOOKUP($E8,Masks[],MATCH(G$1,Masks[#Headers],0),FALSE),IF(EXACT($F8,"Value"),VLOOKUP($E8,Values[],MATCH(G$1,Values[#Headers],0),FALSE),"")) -> 101010100 | H8: =IF(EXACT($F8,"Mask"),VLOOKUP($E8,Masks[],MATCH(H$1,Masks[#Headers],0),FALSE),IF(EXACT($F8,"Value"),VLOOKUP($E8,Values[],MATCH(H$1,Values[#Headers],0),FALSE),"")) -> 000000000 | I8: =IF(EXACT($F8,"Mask"),VLOOKUP($E8,Masks[],MATCH(I$1,Masks[#Headers],0),FALSE),IF(EXACT($F8,"Value"),VLOOKUP($E8,Values[],MATCH(I$1,Values[#Headers],0),FALSE),"")) -> 000000000
A9: ='Tests To Binaries'!A6 -> A Equals B | B9: Value | C9: =CONCATENATE("(",G9,", ",H9,", ",I9,")") -> (100010000, 000000000, 000000000) | E9: =A9 -> A Equals B | F9: =B9 -> Value | G9: =IF(EXACT($F9,"Mask"),VLOOKUP($E9,Masks[],MATCH(G$1,Masks[#Headers],0),FALSE),IF(EXACT($F9,"Value"),VLOOKUP($E9,Values[],MATCH(G$1,Values[#Headers],0),FALSE),"")) -> 100010000 | H9: =IF(EXACT($F9,"Mask"),VLOOKUP($E9,Masks[],MATCH(H$1,Masks[#Headers],0),FALSE),IF(EXACT($F9,"Value"),VLOOKUP($E9,Values[],MATCH(H$1,Values[#Headers],0),FALSE),"")) -> 000000000 | I9: =IF(EXACT($F9,"Mask"),VLOOKUP($E9,Masks[],MATCH(I$1,Masks[#Headers],0),FALSE),IF(EXACT($F9,"Value"),VLOOKUP($E9,Values[],MATCH(I$1,Values[#Headers],0),FALSE),"")) -> 000000000
A10: ='Tests To Binaries'!A7 -> A Confines B | B10: Mask | C10: =CONCATENATE("(",G10,", ",H10,", ",I10,")") -> (100010000, 101000100, 000000000) | E10: =A10 -> A Confines B | F10: =B10 -> Mask | G10: =IF(EXACT($F10,"Mask"),VLOOKUP($E10,Masks[],MATCH(G$1,Masks[#Headers],0),FALSE),IF(EXACT($F10,"Value"),VLOOKUP($E10,Values[],MATCH(G$1,Values[#Headers],0),FALSE),"")) -> 100010000 | H10: =IF(EXACT($F10,"Mask"),VLOOKUP($E10,Masks[],MATCH(H$1,Masks[#Headers],0),FALSE),IF(EXACT($F10,"Value"),VLOOKUP($E10,Values[],MATCH(H$1,Values[#Headers],0),FALSE),"")) -> 101000100 | I10: =IF(EXACT($F10,"Mask"),VLOOKUP($E10,Masks[],MATCH(I$1,Masks[#Headers],0),FALSE),IF(EXACT($F10,"Value"),VLOOKUP($E10,Values[],MATCH(I$1,Values[#Headers],0),FALSE),"")) -> 000000000
A11: ='Tests To Binaries'!A7 -> A Confines B | B11: Value | C11: =CONCATENATE("(",G11,", ",H11,", ",I11,")") -> (000010000, 101000000, 000000000) | E11: =A11 -> A Confines B | F11: =B11 -> Value | G11: =IF(EXACT($F11,"Mask"),VLOOKUP($E11,Masks[],MATCH(G$1,Masks[#Headers],0),FALSE),IF(EXACT($F11,"Value"),VLOOKUP($E11,Values[],MATCH(G$1,Values[#Headers],0),FALSE),"")) -> 000010000 | H11: =IF(EXACT($F11,"Mask"),VLOOKUP($E11,Masks[],MATCH(H$1,Masks[#Headers],0),FALSE),IF(EXACT($F11,"Value"),VLOOKUP($E11,Values[],MATCH(H$1,Values[#Headers],0),FALSE),"")) -> 101000000 | I11: =IF(EXACT($F11,"Mask"),VLOOKUP($E11,Masks[],MATCH(I$1,Masks[#Headers],0),FALSE),IF(EXACT($F11,"Value"),VLOOKUP($E11,Values[],MATCH(I$1,Values[#Headers],0),FALSE),"")) -> 000000000
A12: ='Tests To Binaries'!A8 -> A is Confined by B | B12: Mask | C12: =CONCATENATE("(",G12,", ",H12,", ",I12,")") -> (100010000, 101000100, 000000000) | E12: =A12 -> A is Confined by B | F12: =B12 -> Mask | G12: =IF(EXACT($F12,"Mask"),VLOOKUP($E12,Masks[],MATCH(G$1,Masks[#Headers],0),FALSE),IF(EXACT($F12,"Value"),VLOOKUP($E12,Values[],MATCH(G$1,Values[#Headers],0),FALSE),"")) -> 100010000 | H12: =IF(EXACT($F12,"Mask"),VLOOKUP($E12,Masks[],MATCH(H$1,Masks[#Headers],0),FALSE),IF(EXACT($F12,"Value"),VLOOKUP($E12,Values[],MATCH(H$1,Values[#Headers],0),FALSE),"")) -> 101000100 | I12: =IF(EXACT($F12,"Mask"),VLOOKUP($E12,Masks[],MATCH(I$1,Masks[#Headers],0),FALSE),IF(EXACT($F12,"Value"),VLOOKUP($E12,Values[],MATCH(I$1,Values[#Headers],0),FALSE),"")) -> 000000000
A13: ='Tests To Binaries'!A8 -> A is Confined by B | B13: Value | C13: =CONCATENATE("(",G13,", ",H13,", ",I13,")") -> (000010000, 100000100, 000000000) | E13: =A13 -> A is Confined by B | F13: =B13 -> Value | G13: =IF(EXACT($F13,"Mask"),VLOOKUP($E13,Masks[],MATCH(G$1,Masks[#Headers],0),FALSE),IF(EXACT($F13,"Value"),VLOOKUP($E13,Values[],MATCH(G$1,Values[#Headers],0),FALSE),"")) -> 000010000 | H13: =IF(EXACT($F13,"Mask"),VLOOKUP($E13,Masks[],MATCH(H$1,Masks[#Headers],0),FALSE),IF(EXACT($F13,"Value"),VLOOKUP($E13,Values[],MATCH(H$1,Values[#Headers],0),FALSE),"")) -> 100000100 | I13: =IF(EXACT($F13,"Mask"),VLOOKUP($E13,Masks[],MATCH(I$1,Masks[#Headers],0),FALSE),IF(EXACT($F13,"Value"),VLOOKUP($E13,Values[],MATCH(I$1,Values[#Headers],0),FALSE),"")) -> 000000000
A14: ='Tests To Binaries'!A9 -> A Borders B | B14: Mask | C14: =CONCATENATE("(",G14,", ",H14,", ",I14,")") -> (100010000, 101000100, 000000000) | E14: =A14 -> A Borders B | F14: =B14 -> Mask | G14: =IF(EXACT($F14,"Mask"),VLOOKUP($E14,Masks[],MATCH(G$1,Masks[#Headers],0),FALSE),IF(EXACT($F14,"Value"),VLOOKUP($E14,Values[],MATCH(G$1,Values[#Headers],0),FALSE),"")) -> 100010000 | H14: =IF(EXACT($F14,"Mask"),VLOOKUP($E14,Masks[],MATCH(H$1,Masks[#Headers],0),FALSE),IF(EXACT($F14,"Value"),VLOOKUP($E14,Values[],MATCH(H$1,Values[#Headers],0),FALSE),"")) -> 101000100 | I14: =IF(EXACT($F14,"Mask"),VLOOKUP($E14,Masks[],MATCH(I$1,Masks[#Headers],0),FALSE),IF(EXACT($F14,"Value"),VLOOKUP($E14,Values[],MATCH(I$1,Values[#Headers],0),FALSE),"")) -> 000000000
A15: ='Tests To Binaries'!A9 -> A Borders B | B15: Value | C15: =CONCATENATE("(",G15,", ",H15,", ",I15,")") -> (000010000, 001000100, 000000000) | E15: =A15 -> A Borders B | F15: =B15 -> Value | G15: =IF(EXACT($F15,"Mask"),VLOOKUP($E15,Masks[],MATCH(G$1,Masks[#Headers],0),FALSE),IF(EXACT($F15,"Value"),VLOOKUP($E15,Values[],MATCH(G$1,Values[#Headers],0),FALSE),"")) -> 000010000 | H15: =IF(EXACT($F15,"Mask"),VLOOKUP($E15,Masks[],MATCH(H$1,Masks[#Headers],0),FALSE),IF(EXACT($F15,"Value"),VLOOKUP($E15,Values[],MATCH(H$1,Values[#Headers],0),FALSE),"")) -> 001000100 | I15: =IF(EXACT($F15,"Mask"),VLOOKUP($E15,Masks[],MATCH(I$1,Masks[#Headers],0),FALSE),IF(EXACT($F15,"Value"),VLOOKUP($E15,Values[],MATCH(I$1,Values[#Headers],0),FALSE),"")) -> 000000000
A16: ='Tests To Binaries'!A10 -> A Contains B | B16: Mask | C16: =CONCATENATE("(",G16,", ",H16,", ",I16,")") -> (101010100, 000000000, 000000000) | E16: =A16 -> A Contains B | F16: =B16 -> Mask | G16: =IF(EXACT($F16,"Mask"),VLOOKUP($E16,Masks[],MATCH(G$1,Masks[#Headers],0),FALSE),IF(EXACT($F16,"Value"),VLOOKUP($E16,Values[],MATCH(G$1,Values[#Headers],0),FALSE),"")) -> 101010100 | H16: =IF(EXACT($F16,"Mask"),VLOOKUP($E16,Masks[],MATCH(H$1,Masks[#Headers],0),FALSE),IF(EXACT($F16,"Value"),VLOOKUP($E16,Values[],MATCH(H$1,Values[#Headers],0),FALSE),"")) -> 000000000 | I16: =IF(EXACT($F16,"Mask"),VLOOKUP($E16,Masks[],MATCH(I$1,Masks[#Headers],0),FALSE),IF(EXACT($F16,"Value"),VLOOKUP($E16,Values[],MATCH(I$1,Values[#Headers],0),FALSE),"")) -> 000000000
A17: ='Tests To Binaries'!A10 -> A Contains B | B17: Value | C17: =CONCATENATE("(",G17,", ",H17,", ",I17,")") -> (101000000, 000000000, 000000000) | E17: =A17 -> A Contains B | F17: =B17 -> Value | G17: =IF(EXACT($F17,"Mask"),VLOOKUP($E17,Masks[],MATCH(G$1,Masks[#Headers],0),FALSE),IF(EXACT($F17,"Value"),VLOOKUP($E17,Values[],MATCH(G$1,Values[#Headers],0),FALSE),"")) -> 101000000 | H17: =IF(EXACT($F17,"Mask"),VLOOKUP($E17,Masks[],MATCH(H$1,Masks[#Headers],0),FALSE),IF(EXACT($F17,"Value"),VLOOKUP($E17,Values[],MATCH(H$1,Values[#Headers],0),FALSE),"")) -> 000000000 | I17: =IF(EXACT($F17,"Mask"),VLOOKUP($E17,Masks[],MATCH(I$1,Masks[#Headers],0),FALSE),IF(EXACT($F17,"Value"),VLOOKUP($E17,Values[],MATCH(I$1,Values[#Headers],0),FALSE),"")) -> 000000000
A18: ='Tests To Binaries'!A11 -> A is Within B | B18: Mask | C18: =CONCATENATE("(",G18,", ",H18,", ",I18,")") -> (101010100, 000000000, 000000000) | E18: =A18 -> A is Within B | F18: =B18 -> Mask | G18: =IF(EXACT($F18,"Mask"),VLOOKUP($E18,Masks[],MATCH(G$1,Masks[#Headers],0),FALSE),IF(EXACT($F18,"Value"),VLOOKUP($E18,Values[],MATCH(G$1,Values[#Headers],0),FALSE),"")) -> 101010100 | H18: =IF(EXACT($F18,"Mask"),VLOOKUP($E18,Masks[],MATCH(H$1,Masks[#Headers],0),FALSE),IF(EXACT($F18,"Value"),VLOOKUP($E18,Values[],MATCH(H$1,Values[#Headers],0),FALSE),"")) -> 000000000 | I18: =IF(EXACT($F18,"Mask"),VLOOKUP($E18,Masks[],MATCH(I$1,Masks[#Headers],0),FALSE),IF(EXACT($F18,"Value"),VLOOKUP($E18,Values[],MATCH(I$1,Values[#Headers],0),FALSE),"")) -> 000000000
A19: ='Tests To Binaries'!A11 -> A is Within B | B19: Value | C19: =CONCATENATE("(",G19,", ",H19,", ",I19,")") -> (100000100, 000000000, 000000000) | E19: =A19 -> A is Within B | F19: =B19 -> Value | G19: =IF(EXACT($F19,"Mask"),VLOOKUP($E19,Masks[],MATCH(G$1,Masks[#Headers],0),FALSE),IF(EXACT($F19,"Value"),VLOOKUP($E19,Values[],MATCH(G$1,Values[#Headers],0),FALSE),"")) -> 100000100 | H19: =IF(EXACT($F19,"Mask"),VLOOKUP($E19,Masks[],MATCH(H$1,Masks[#Headers],0),FALSE),IF(EXACT($F19,"Value"),VLOOKUP($E19,Values[],MATCH(H$1,Values[#Headers],0),FALSE),"")) -> 000000000 | I19: =IF(EXACT($F19,"Mask"),VLOOKUP($E19,Masks[],MATCH(I$1,Masks[#Headers],0),FALSE),IF(EXACT($F19,"Value"),VLOOKUP($E19,Values[],MATCH(I$1,Values[#Headers],0),FALSE),"")) -> 000000000
